#name,score,clicks,moves,undos
Hikaru,3208,13023,2293,1555
DanielNaroditsky,3180,8939,4751,1492
Bigfish1995,3161,3105,2234,701
lachesisQ,3106,1201,649,281
Duhless,3103,2080,1137,451
GMSrinath,3083,732,508,127
penguingm1,3072,1542,928,196
Sibelephant,3070,284,86,59
nihalsarin,3066,8489,5454,1487
Polish_fighter3000,3061,960,568,199
GMWSO,3057,452,232,181
MichaelRoiz,3052,3064,1573,978
LevonAronian,3052,44,36,36
Parhamov,3051,1485,1378,372
Srinavasan,3050,83,21,17
ArjunErigaisi2003,3050,21,6,2
Grischuk,3047,236,168,125
Firouzja2003,3041,4450,2914,999
Robert_Chessmood,3040,1123,1239,450
Parvizkhazaei2000,3037,7,0,0
FabianoCaruana,3026,466,144,74
OparinGrigoriy,3019,2130,973,511
Anton_Demchenko,3018,1427,1149,250
LiemLe,3013,466,236,128
mishanick,3012,4042,2582,673
Micki-taryan,3010,1730,970,275
erichansen,3010,3421,1885,295
Eltaj_Safarli,3009,134,54,25
Azzaro25,3006,116,44,29
Oleksandr_Bortnyk,3004,703,384,106
arturr22,3002,859,578,115
Annawel,3000,1334,941,251
Shant_Sargsyan,3000,1588,1429,551
AnishGiri,3000,97,45,50
Alexander_Zubov,3000,552,302,81
2Vladimirovich90,2999,756,359,196
daro94,2995,1553,1128,369
viditchess,2992,467,249,122
Zhigalko_Sergei,2992,813,561,156
Guenplen,2981,482,211,86
LyonBeast,2980,528,182,143
Konavets,2978,1003,547,182
wonderfultime,2978,1915,1560,425
Grimuare,2972,217,75,19
spicycaterpillar,2967,816,469,146
GadimbayliA,2967,734,562,184
Azerichess,2966,104,64,23
Arabicfalcon,2966,2705,1996,509
Artooooo,2966,4775,2653,374
DaVinci81,2962,820,530,201
Andreikka,2961,1009,849,246
gena217,2959,2130,1428,549
Sanan_Sjugirov,2959,1957,1148,430
Zhuu96,2955,1020,679,198
transponster,2955,1666,1331,232
jk13,2954,3883,3808,725
LPSupi,2952,824,665,187
GOGIEFF,2951,263,148,25
Muisback26,2949,1194,714,235
amintabatabaei,2947,2123,2303,508
stepan45,2946,702,425,69
emiliocordova,2945,710,599,121
Nowaybacksasha,2944,1317,1073,210
howitzer14,2943,909,325,138
ficorrales,2943,5323,4562,1115
R-Ponomariov,2942,528,229,165
spiritofwonder,2941,256,235,51
joppie2,2940,2475,2120,444
Beca95,2940,916,508,147
Indianlad,2939,4420,3265,971
ChessBrah,2938,6136,1031,210
Urvakan,2937,277,172,86
Talibov06,2934,42,27,27
Hrant_ChessMood,2934,2400,1588,575
renatoterrylujan,2934,1177,412,256
GeorgMeier,2934,2638,1348,742
fishingpole86,2932,196,62,39
A-Adly,2931,298,152,30
Lunaticx,2931,3244,3019,952
igorkovalenko,2929,3374,2113,611
GHANDEEVAM2003,2928,2401,1746,475
Kriari,2927,3159,3030,652
Maghalashvili,2927,631,399,146
valger,2926,1061,498,163
Sharpchess22,2926,1930,1828,313
abhijeetgupta1016,2925,1892,1948,433
Zaven_ChessMood,2923,317,154,140
Lordillidan,2922,991,552,238
dalmatinac101,2921,1694,1267,555
nubair1198,2921,495,465,96
iturrizaga,2921,330,193,61
dropstoneDP,2919,188,99,31
jefferyx,2919,279,110,80
JimLahey,2918,136,53,9
YQPerez,2917,518,322,88
Arambai,2916,90,37,21
KelpPrince,2915,115,36,21
klounessa,2915,1338,736,352
Flamewrath18,2914,395,209,72
Arm-Akiba,2914,444,279,149
Shinemeow,2913,286,169,50
AverageRecord,2913,4667,1136,402
TenisMaster,2912,2381,1681,455
Asocialgadfly,2911,1339,842,247
LuckyEvoMaraon,2910,128,29,15
wudileige,2910,53,32,16
Vertetics-Attila,2910,103,83,26
Akulyan,2909,1113,791,109
Denis_Makhnyov,2909,892,699,145
AntolyChugunkin,2908,262,91,47
KhalilMousavi77,2906,378,204,55
EvgenyT,2906,251,148,85
ChadaevNikolay,2906,514,210,67
AntonSmirnov,2906,3744,3417,869
ObsidianDestroyer-2,2905,167,70,29
sergiochess83,2905,844,917,386
ShahenMN,2904,31,15,3
Angry_Twin,2903,1787,1229,322
LOVEVAE,2903,216,96,49
dangerousattack1st,2902,24,15,3
Chipsbeer,2902,198,83,31
fireheart92,2901,192,138,46
Margvela90,2900,1706,1545,534
Man-Chuk,2900,1108,959,287
Jospem,2897,2687,2446,440
dastishfantastish,2892,387,213,59
platy3,2891,615,431,144
Wizard456,2891,768,579,213
spectralsoul,2891,1202,839,186
ChessAze20,2890,39,25,21
obliviate12,2890,293,278,77
defenceboy,2890,357,270,98
liuyuanzhanfu,2888,1078,699,240
severomorskij,2888,498,308,99
Farrukh_Amonatov,2887,1448,1385,397
youngKID,2887,253,114,13
Warzone2100,2885,513,430,110
ViIIagra,2885,1879,1720,440
Dr_Mortimer,2884,969,885,239
Genghis_K,2884,784,576,188
S2PAc,2882,562,469,117
Fandorine,2882,571,409,106
GABUZYAN_CHESSMOOD,2880,1244,1098,315
pavelmaletin,2880,565,330,116
The_Bestplayer,2879,59,61,16
Knightmare82,2879,789,642,170
GigaQuparadze,2879,3095,2215,728
GMBenjaminBok,2879,641,269,86
Chopper1905,2879,1051,636,150
Shankland,2878,476,202,124
bpawnsac,2877,154,104,30
Chefshouse,2873,42,28,28
Floatingdream1,2873,898,635,174
AryanTari,2871,1615,1123,278
Sebastian,2871,801,458,248
POPOV_IVAN,2870,292,139,74
Ehsanovski,2869,729,499,185
xxysoul6,2869,393,240,93
AlexanderL,2869,1212,340,222
Dragon1377,2867,585,555,98
chris_rock_comic,2866,353,244,76
AlphaRatel,2866,1035,715,188
ryanbluebowen,2865,259,136,48
Tapuah,2865,3119,2153,684
Shield12,2864,645,549,167
Resentiment18,2864,758,805,310
TrimitziosP7,2863,5897,5469,1054
eljanov,2863,2463,2532,878
GradientField,2862,146,110,24
gmgamil,2862,3600,3685,405
annonymous123,2861,406,302,73
Igor_Lysyj,2861,21,2,3
The3Magicians,2860,158,40,20
GMVallejo,2860,421,158,92
gm_aag,2860,768,525,238
Radzio1987,2860,121,59,35
David_Paravyan,2860,3206,2576,789
ChessWarrior7197,2860,1093,892,246
KhalilMousavi98,2859,133,91,19
KhazarBabazada,2859,1493,1377,287
SantoBlue,2859,3263,3327,563
TheGadfly1897,2859,196,123,41
numberonefan,2858,213,121,47
AngeloGM,2858,840,675,109
ChermanTraws,2858,148,36,7
MatthewG-p4p,2856,1289,830,174
Ni-Hua,2855,290,103,72
champ2005,2855,2486,2351,896
petrpalachev,2855,878,859,247
ChessWeebs,2854,533,270,68
RD4ever,2854,410,285,98
Knez_Aleksandrov,2853,66,30,16
richbradley,2853,1363,925,293
Fightermann,2853,293,167,36
K-Outis,2853,632,497,141
Nitzan_Steinberg,2853,743,462,131
Fedor_Dvenyatin,2852,5713,6732,1973
kpio91,2851,650,327,142
swimmerchess,2851,826,612,167
rasmussvane,2851,263,142,42
vuqarrasulov,2851,2802,1669,616
Omega_beam,2850,94,37,7
Raspadsistema,2850,1267,1188,199
AbasovN,2849,89,44,21
zvonokchess1996,2849,1050,521,202
Izoria123,2848,919,477,136
dostis,2847,732,595,240
cruise999,2843,37,6,1
Darcy95,2843,689,402,80
ToivoK3,2843,445,345,148
Sam_ChessMood,2843,568,455,228
IM_dmitrij,2843,7548,5747,1563
DangerousPlayer1st,2842,60,26,19
Casper_Schoppen,2842,270,163,52
machupichu10,2842,148,89,22
TigranLPetrosyan,2842,1428,1347,292
Illingworth,2841,2467,496,143
Zeeduin,2841,325,203,59
chess_noob99,2839,209,38,13
SabinoBrunello,2839,94,40,18
GMAdoption,2838,69,6,6
DrBlinditsky,2838,39,11,7
Sankalp_Gupta2003,2838,519,447,106
justantan,2837,2674,2146,475
Sychev_Klementy,2836,77,43,15
Amirreza_p,2836,1233,1384,247
MaximDlugy,2835,1850,1470,549
VladDobrov,2835,3344,2785,590
VitaliyBernadskiy,2835,3064,2204,618
SaraciNderim,2834,1094,897,186
kirillshevchenko,2834,474,375,138
Lestofante90,2834,1389,963,273
chessrush123,2833,90,61,5
BilodeauA,2833,1771,1539,324
iwanyu,2833,228,78,12
GMKrikor,2833,5118,1760,604
supertigre,2832,723,381,100
Infernal_XaM,2832,1520,1047,323
barzed,2832,87,44,16
garcho08,2832,2533,1219,489
Shaman91,2831,1147,989,191
GM_shahin,2831,1797,1122,372
thatsallshewrote,2831,2011,1234,373
kuli4ik,2830,758,717,243
A-Fier,2830,407,273,88
Enchufado,2829,150,87,29
ShimanovAlex,2828,2871,2044,578
Hovik_Hayrapetyan,2828,268,159,32
ArmyVietnam,2827,218,63,14
Kacparov,2827,447,299,138
jcibarra,2827,403,151,77
Artur0208,2826,559,551,120
sergoy,2826,1377,917,188
Tal-Baron,2826,356,277,60
bubacik,2825,1921,1809,362
TranJMinh,2825,369,310,46
TigrVShlyape,2825,439,209,134
Cruel_Yaro,2825,2098,1013,862
Daxasy,2824,158,115,29
Aravindhchess1999,2824,105,64,24
catask,2824,420,433,99
PawelCzarnota,2824,996,138,72
WolfBewwi,2840,111,101,19
Promacherr,2824,726,518,90
hanzo_hasashi1,2823,91,67,20
BabeGroot,2823,108,24,9
Pultis,2822,450,328,61
Tesla37,2822,457,238,104
artooon,2820,541,692,137
topotun,2820,221,183,66
GnowReopard,2818,472,409,100
denizozen,2818,562,491,131
JSPrepz,2818,828,595,149
LiamVrolijk,2817,322,183,90
Davit_Tiraturyan,2817,3348,2886,563
mishikomchedlishvili,2816,280,225,36
Bananarepublic04,2815,52,11,9
Dedic8,2815,818,596,131
Last7Samurai,2815,3733,1712,535
blackhorse5,2814,56,38,13
Virgo15,2814,360,319,106
GMLazaroBruzon,2814,511,403,207
liczner,2814,2592,2121,366
1stSecond,2814,4537,3522,650
Lukianoo,2814,957,863,150
VerdeNotte,2813,359,196,103
gahryman,2813,445,458,79
Aronyak1,2813,866,516,178
Courgete,2813,69,18,3
BocharovD,2812,1469,1007,238
yosephtaher,2810,744,390,83
CinCinusQQ,2810,231,91,29
rogapa,2810,427,283,64
Sunrise777,2810,169,133,39
WanderingKnightLY,2810,597,260,95
TaeKwondoKing,2810,74,41,11
honestgirl,2810,6641,3431,1036
smallelephant,2809,338,368,55
Coldplace,2809,1123,1107,175
Arseniy_Nesterov,2809,1028,917,184
Seneka_Sensei,2809,114,42,7
Volkovi,2809,714,501,55
erwinlami,2809,572,175,89
arturchix,2807,728,565,184
starworld123,2807,884,839,184
Mykola-Bortnyk,2807,1652,1363,362
rpragchess,2807,158,170,39
fireblader,2807,519,427,93
Durarbayli,2807,877,826,178
AlphaOdin,2806,573,356,73
LittlePeasant,2806,538,380,123
alishersuleymenov,2806,430,269,73
Jarjou202,2805,163,137,20
Switzchen,2805,97,31,10
AlexTriapishko,2805,303,188,59
Aleksey_Sorokin,2805,2433,1604,588
Kingh_77,2805,2173,1778,373
Reks-murka,2805,766,412,147
Broucinek,2804,488,458,123
GMAkobianSTL,2804,264,164,45
fearless_guy,2804,826,604,140
IMTominho,2804,3456,2508,533
Angryboy23,2803,221,101,40
TarantinoQ,2803,898,733,277
Joshuachick,2803,2197,1507,366
Sethu0025,2803,1249,794,199
Alexander_Moskalenko,2803,1823,1552,653
Vnebo,2803,3653,2521,796
Leapper,2802,161,121,27
msolleveld,2802,136,91,33
Zdt0712,2802,285,86,12
Yaroslav_Remizov,2802,2580,2643,585
samhawkins,2802,1317,722,182
fastestmindalive,2802,564,415,95
Megazz66,2801,620,486,102
dover1991,2801,481,411,101
abhidabhi,2801,430,306,73
schoolmeester,2801,202,62,32
XDPS,2801,686,488,93
isaiahdaniel,2801,397,399,102
DmitryMaximov,2800,652,639,95
Crusher25,2800,153,72,28
Abund,2800,115,87,24
LastGladiator1,2800,698,645,112
Kallatroh,2800,1831,1135,170
chloearia,2799,139,81,33
Molton,2799,855,529,114
Antipov_Mikhail_Al,2799,1371,773,176
GMTazbir,2799,264,105,75
Kiborg95,2798,1437,1443,221
ram1zan,2798,720,497,152
ChessKRR,2798,193,64,23
1977Ivan,2798,132,55,10
Drags95,2798,802,630,178
Ivanov,2798,81,30,20
promen1999,2798,479,380,118
4Justice01,2797,179,62,26
Imre91,2796,1382,455,144
vladislavkovalev,2796,1096,1052,291
DuleMudule,2796,919,841,160
maciek_92,2796,3016,2290,438
aspired,2795,1255,899,273
Haesulla,2795,229,59,33
Fonsofan,2795,686,486,186
RobEri,2795,176,169,47
youman2016,2794,252,129,26
Rakhmanator,2794,624,266,110
Msb2,2793,3549,2145,600
TribalDancer,2792,115,68,16
michaelq2d5,2791,3992,2676,924
tigrangharamian,2790,73,62,20
AvitalBor,2789,868,694,195
srohithkrishna,2788,2392,2154,317
oatmealfoamy,2787,525,261,42
HarutyunianTigranK,2787,1069,886,181
BKMZBKMZ,2787,508,322,72
TheJoker64,2786,352,297,72
theexpertpatzer,2784,104,47,13
ICHIG0_KUR0SAKI,2784,376,395,90
Moskvaa,2784,344,285,62
prowizard,2784,101,59,11
GMharikrishna,2783,317,316,114
SergeiAza,2783,1729,1805,359
Hamonde,2783,223,139,37
ImGm6,2781,249,297,72
nrvignesh,2781,796,629,209
JonahWillow,2780,1378,1043,251
Dr_Alpha,2780,611,489,137
anonymouse31,2779,148,151,33
nrvisakh,2779,1026,721,352
Keranke,2779,4613,3458,767
Rsnr,2779,829,504,166
JDBryant,2779,3770,3275,493
Sakkazelet7,2778,686,437,85
Kinzhal,2778,400,277,51
yigeren,2778,406,229,65
SahbazovHuseyin,2777,10,18,17
arunabi,2777,160,67,14
Revisor,2777,142,43,12
Dulketr,2776,99,65,11
mouseWLZ,2776,83,20,5
KingHarii,2776,702,621,116
DaenerysT,2776,117,94,4
Chesser_2209,2775,54,20,7
217-16-8,2775,138,57,19
Chesslock17,2775,420,343,80
SahajGrover,2775,255,183,34
Gabrielian_Artur,2775,474,458,98
Noukii,2775,5049,3744,807
AnotherAccountant,2775,211,118,49
worldchessbest,2774,4,2,0
MRGR0520,2774,34,14,7
BogdanDeac,2774,978,736,342
cherryandmint,2774,1740,1398,363
tjallkompall,2773,510,479,82
Rodrigazo,2771,1988,1428,348
Shtembuliak,2771,2873,2349,689
Dr-CRO,2770,201,151,35
Too_weak-too_slow,2770,228,105,47
slabyi_igrok,2770,290,201,24
irdorath,2770,100,44,11
Adham_Fawzy,2770,1729,1910,451
Conquistador-Nomada,2770,4006,3624,688
nekochabo,2770,383,202,35
Dantes22,2769,249,152,34
Faustregel,2769,450,434,77
zidianleiguang,2769,417,314,102
Batica1984,2769,325,203,43
krzyzan94,2769,463,437,71
TranMinhPJ,2768,47,34,6
superchess02,2768,353,237,84
Raja3401,2768,2325,2848,484
gmyarick,2768,1460,989,186
vovkcoach,2768,1864,1384,279
KaydenTroff,2768,134,82,17
Yaacovn,2767,12370,9139,2135
snowlord,2767,1822,1466,342
Openyagami,2766,488,297,58
GrigorGrigorov,2765,3036,2460,764
jhellsten,2765,340,279,116
Avetik_ChessMood,2765,224,183,56
sumopork,2765,342,196,63
Rainmond,2765,1316,913,195
rfelgaer,2765,480,456,143
TheChess_Goon,2764,197,70,31
Alexander_Khlebovich,2763,171,150,42
yoavjm_2004,2763,1530,1954,397
Arash_Tahbaz,2763,2247,2220,410
RealPascalC,2762,181,102,38
elprofesorsergio,2761,60,15,6
yavrukurt40,2761,138,78,26
QDcoach,2761,4534,3436,806
mrsavic77,2760,1006,806,318
CarlosAlbornoz,2760,241,119,39
dzhumagaliev,2760,3410,2620,450
GMValeduser,2759,191,85,23
UltraLordSpangeBob,2759,872,714,178
datfifaplaya,2759,35,23,3
Anwesh9792,2759,733,542,129
ChessOnTheMat007,2759,1252,1447,322
Kopylov_Alex,2759,1223,813,192
sandromareco,2759,568,382,111
sweet-Yasmin,2758,275,111,33
anty1818,2758,1635,1178,105
Max_Schachmann,2758,382,193,66
HS2019202,2757,163,35,7
RaunakSadhwani2005,2757,197,113,67
titan013,2757,2663,1811,370
pouya21,2757,148,69,23
gmmoranda,2756,292,185,44
Zubrrr,2756,162,80,12
Gabix_94,2756,2637,3250,192
VishnuPrasanna,2756,1664,1129,126
BrainFried,2755,410,123,46
Tjktiger,2755,720,675,167
GouLiGuoJiaSSY,2755,98,40,18
Nyzhnyk_Illia,2754,331,96,35
Bryakin_Mikhail,2754,4455,3807,1142
laundry1013,2753,205,22,9
CMC-Academy,2753,58,27,14
nemofishy,2753,75,64,15
GMJimKnopf,2753,350,354,71
Fighterman91,2753,888,834,173
Android01010,2753,329,220,60
JolinTsai,2753,639,411,63
Everest2021,2752,29,22,4
ChessLover0108,2752,264,182,34
Rnhs,2752,238,175,39
yildirim2018,2752,3625,2968,432
DarkAlekhine,2751,2335,2516,316
georgii308,2751,1237,1380,279
PoorLittleGreenie,2751,2374,1530,481
resha1988,2751,1263,832,241
suryaganguly,2750,146,118,26
chessking518,2750,665,359,184
carlesdc96,2749,1009,866,230
Gajuchess,2749,1625,1096,225
pranav_vip,2749,738,606,79
moro182,2749,434,381,110
MKforever,2748,56,29,6
MrTattaglia,2748,862,748,158
PraveenSagar,2748,3587,2866,340
elefante38,2747,371,249,67
Blitzstream,2747,6770,4220,963
Shota_Azaladze,2747,326,290,44
AndrBaryshpolets,2747,1204,862,177
LoinOfTheNorth,2747,2354,1613,329
Apartmaent,2746,187,63,15
GoncalvesI,2746,546,596,144
renjiehuang,2746,2412,1592,473
Revnov,2745,3119,2108,534
Superpoil,2745,222,166,27
ActorXu,2745,155,43,19
Jumbaa,2745,325,267,49
L3on4rdo,2745,407,385,61
Zkid,2745,359,195,53
rim1618,2745,240,215,36
blitzingbullet007,2744,4019,4625,568
siciliannaga,2744,1725,1251,228
GregMiroshnichenko,2744,769,629,156
xtremeungar,2744,327,232,40
Stree,2744,3465,3683,303
BlackBoarder,2744,1019,848,196
Padenie_Zvezd,2743,93,47,3
mbojan,2742,6427,6509,1138
Incognito_Knight,2742,1132,1053,289
Contora,2742,297,121,57
ninesixdee,2741,65,34,8
BongRevilla16,2741,75,16,7
hoffentlichreichts,2741,201,40,13
Nakachuk,2741,1075,900,168
flyingpiket,2740,116,76,18
chess962380,2740,222,96,37
Dyadya81,2740,676,498,113
dhoine,2740,28,6,1
Bonuspater18,2740,643,301,77
gmsakk,2740,1286,1408,266
DrNukerstein,2739,60,30,12
Off-War,2739,1846,1448,215
Nastya_Rakhmangulova,2739,331,311,74
lonelyzeng,2739,312,195,30
Bulldog167,2738,784,698,142
slavenok,2738,206,114,19
Peroncio,2738,1209,831,161
Sleepless-in-newyork,2738,731,427,63
Jaguar_92,2738,2141,1512,465
wnstop,2738,4153,3133,623
BobanBogosavljevic,2738,158,113,25
ThePunisherxx,2737,1053,1244,379
INDIAN-ELEPHANT,2737,705,344,91
Kaphrep,2737,2687,1813,340
DESTROYER7777777,2737,3523,2787,404
unkiyto,2737,498,321,100
Frolyanov_D,2737,108,85,45
mironius,2737,1257,355,159
Kempsy,2737,691,482,101
L_Stein,2736,171,50,22
GeremiPodeswa22,2736,216,24,17
swapchess90,2736,1166,897,197
Fins0905,2736,2045,513,174
GMHess,2735,4747,2646,501
djamir,2734,768,724,139
DraganSolak,2734,1094,868,351
Yardird,2734,3910,3265,508
GMG,2734,5807,4895,1578
Vuqarasadli,2733,85,30,12
GM_Levan_Pantsulaia,2733,111,73,16
qdxds,2731,364,194,49
Boundless_Strike,2732,1029,921,180
NewZorro,2732,348,236,48
Swarnapuri,2732,195,119,28
shyam,2732,438,319,60
jojka007,2731,39,8,9
Vogsgox,2731,2406,1689,484
Watykanczyk2137,2731,3405,2560,782
Conquering,2731,293,183,50
komandoras123,2731,1788,1193,271
Wormpaca,2730,206,127,25
SeriousEyeball,2730,215,58,14
Chebure,2730,583,438,86
yrtimd,2730,1192,1282,290
mauricioflores,2730,289,134,42
TheBigBoss04,2730,783,582,101
HaryKane,2729,2892,2347,277
samolo,2729,3544,2636,661
Tacticalplayer92,2729,123,92,14
dudna1989,2729,462,350,91
Hanskai,2728,332,169,87
EasyRating,2728,248,146,24
Sippp,2728,900,703,101
TampaChess,2728,6743,3131,656
Tacticalon,2727,190,115,22
LuckIsMySkill,2727,799,631,188
DuncanICloud,2727,71,36,13
Dmitry_Ponomarev,2727,195,62,35
Balogh_ReversedRat,2726,111,61,33
jlucasvf,2726,607,342,163
GMPontusCarlsson,2726,2800,1730,437
RobertoJBM,2726,835,636,210
kuban23,2725,1141,779,260
temus_galaktionov,2725,1192,1349,305
Dhaydon19,2725,3111,2608,592
Just_Practice,2724,29,25,8
arjunkalyan55,2724,221,162,37
Lanshou,2724,2021,1699,386
srMiguel99,2724,108,60,26
Elshan1985,2723,1014,627,234
Soulless4Now,2723,2436,1753,316
josmito10,2723,1032,829,208
bascheyaro,2723,3036,2672,639
OlympusMons95,2722,67,11,4
Alen-Yeremyann,2722,1271,1460,259
EugeneRougon,2722,1203,850,183
Kirill_Klyukin,2722,2051,1849,441
bocah_sakit,2722,692,368,63
JelenaKarleusa-SO-18,2722,248,182,46
Manticore17,2721,1492,1297,368
German_Bazeev,2721,3021,2569,534
chizhik98,2721,1807,1432,410
tigra,2721,180,108,29
Fablibi,2721,790,295,93
Misi_95,2720,279,257,44
YusupAtabayev,2719,273,182,61
BakaPG,2719,3366,2515,481
Alexander_Donchenko,2719,1264,695,212
AlexBattey,2718,682,685,123
Barcelona_Guy,2718,541,549,129
AtabayevSaparmyrat,2718,1745,1931,465
nimajavanbakht,2717,202,70,19
Rain1988,2717,93,75,14
Vladimirkra,2717,438,461,109
Irakli_Akhvlediani,2717,763,827,158
Olkaa,2717,1090,983,201
nikiyule,2717,1252,862,232
KoustavChatterjee1,2717,369,265,79
KuzubovYuriy,2717,543,475,98
VSERGUEI,2717,140,88,34
Dr-Bassem,2717,382,275,58
SavelijTartakover,2717,232,101,66
develeshka,2716,103,23,9
Ustat,2716,3386,3764,638
David_Arutinian,2716,303,154,54
Jhonmontes,2716,1493,1169,233
Bacallao2019,2715,261,154,48
StrongPlayer000,2715,352,274,41
Funo09,2715,214,115,14
mavuba,2715,2051,1629,229
kaka666,2715,249,96,39
terremotosh,2715,298,248,68
pepeflautas,2714,262,207,49
ChessGrunts,2714,629,348,70
StephenDedalus83,2714,525,449,146
Gareth-Bale11,2714,708,685,145
Rook1618,2714,1581,1382,200
Margency,2714,2001,2210,361
dual_flurry,2713,94,47,16
NextBeatle,2713,22,44,25
Mastroskaki,2713,332,153,78
lowrowboat1,2713,162,113,17
ArpaOrtiz,2713,1756,1639,258
Leonid_Starozhilov,2713,5411,4547,1444
Aborigen_came,2713,2196,1677,504
BlueWizzard,2713,1308,1055,184
Maitreia,2713,9589,10799,2431
FMCASTE,2712,4312,4371,377
Lover_11,2712,479,496,88
Anurag328,2712,298,239,47
DrVitman,2712,254,239,96
Julio_Becerra,2712,1207,755,220
newslnewle,2711,67,23,7
bazsi97,2711,784,320,304
Akulenok_IA,2710,204,142,23
MyAirPlane_999,2710,320,297,116
KiteZZ,2710,2137,2069,424
Vasily_Papin,2710,147,43,14
donotreadit,2709,455,307,75
Alexhuzman,2709,16,9,4
WIDBIFS,2709,2588,2746,593
1random,2709,2127,2237,503
Wraku89,2709,177,51,25
CS05,2708,27,12,1
hamelekh,2707,290,158,63
pozhaluysta,2707,149,84,23
WildBizon,2707,694,596,123
Taron_Shagbazyan,2707,1034,725,164
VesePower,2707,271,163,23
LuckyTiger,2707,324,198,48
12teen,2707,771,605,103
CaptainCasanova,2707,997,848,271
HoldenHc,2706,3060,3220,839
want2lose,2706,7103,4820,1317
mersad_98,2706,801,794,133
Killer-Kostya,2706,498,303,60
NewBornNow,2706,1456,1080,185
Andrejs_Sokolov,2706,282,88,59
chipmunknau,2705,2436,2171,309
Tbleu,2705,124,74,14
nightingaleblade,2705,110,53,18
Azatic,2705,2119,2584,591
beginner1903,2705,301,316,68
HasekJr,2705,214,208,105
YourDeath69,2705,1129,1211,248
Gaguna,2705,200,162,61
Korchmar_Vasiliy,2705,1247,1397,185
GMNickPert,2705,57,11,8
DutchPrince,2705,480,461,112
Rdy2Rumble,2705,1156,896,165
13MiRacLe,2705,1503,1345,273
Megazz,2705,57,20,1
HanChao,2705,235,141,39
KamilPlichta,2705,2428,1998,477
SuperCheese,2705,7420,5786,1324
soadvi,2705,3353,3262,545
jncool68,2705,1372,966,220
Gan-od,2704,401,328,70
Undead-Rip,2704,919,683,90
Mwamba1409,2704,1335,935,183
Harsha_Bharathakoti,2704,220,156,39
MikaelyanArman1996,2704,818,714,138
halfnatty,2704,1836,1342,204
Rikikits,2704,1700,1155,281
chito89,2704,1227,836,188
devil71,2704,5459,3375,1019
yarosavich,2703,10127,4453,1329
SeanWinshand,2703,76,24,6
Pechen_Yeltsina,2703,310,267,69
hapoel_kfs,2703,974,826,321
qwertydarksoul,2703,892,536,198
Badmatsyrenov_Oleg,2703,1668,1543,218
attack2mateU,2703,2725,1880,403
Carnapian,2703,1274,867,146
MindCoach,2703,706,428,104
Cow-spiracy,2702,225,163,40
AlternativFacts,2702,627,417,93
NTDVAN,2702,640,510,137
BeyBeyBey,2702,807,608,89
DrMelekess,2702,581,416,104
olomi007,2702,801,469,128
brado_zm,2701,3207,2731,178
emperor87,2701,31,11,5
Helepolis,2701,1363,1480,255
manitodeplomo,2701,875,793,175
JeromeVillanueva,2701,1015,826,92
Alex_32167,2701,4591,3492,826
Malik02,2701,1909,2150,449
babadroga92,2701,3746,2408,406
GTMDTTKP,2701,60,30,4
The_Atlas_Champion,2701,513,494,48
SwordoftheMorningAD,2701,217,159,41
Tocras,2701,214,141,36
Checky2015,2701,3199,1237,382
MiroVlasenko,2701,278,114,40
superjem123,2701,204,73,17
GGuseinov,2700,86,44,31
lucasran,2700,1398,938,233
vanea_03,2700,1391,1032,266
Thasoufawtonroua,2700,753,777,107
HowTop1ay,2700,162,93,20
Aryangholami,2700,943,827,169
Paparama_1917,2700,1034,818,230
NikolaGry,2700,1497,1303,247
Razief_Hakiem,2700,3198,2224,295
FCChelsea14,2700,1638,1137,206
kosya4ok,2700,1967,1227,324
Lugovskoy_Maxim,2700,483,360,88
kuruhuru,2699,781,456,103
winme1ifucan,2699,543,345,159
Bansaiiiii,2699,2490,2137,271
nailbeshirli,2699,265,231,48
Norival,2699,117,54,20
LuisEQP,2698,348,192,22
EqualizeeR,2698,101,27,36
Real-boy,2698,81,52,15
DeviatkinAndrey,2698,425,242,99
AkibaRubi,2697,644,481,88
Koutsalogo,2697,222,14,9
GM_Donatello,2697,1093,883,208
kromax33,2696,416,290,59
Vuk2000,2696,1846,1515,334
Matibar,2696,994,867,249
Udysseus1,2695,1689,814,338
foewa98,2695,308,100,47
EuroHead,2695,58,15,2
Sid_98,2695,58,47,8
Zablotsky,2695,999,916,161
Baby_Legs,2694,425,159,51
Alanar73,2694,569,497,81
Oneofmyturns,2694,1660,1472,251
Sosat98,2694,340,279,63
Pavel710,2694,32,4,2
adypady02,2694,1349,784,214
pooh_the_bear,2693,131,65,17
AbsurdMinute,2693,170,155,31
Pocoyo2016,2693,31,10,2
thegriddlecafe,2693,721,772,205
D0wnpour,2693,336,271,43
okriak,2693,132,74,20
biostatistician,2692,19949,14867,3298
kaumandur01,2692,573,608,106
playpositional,2692,101,109,43
zoranp,2692,1957,1631,397
Ka-Shoot,2691,38,30,8
Stewie_89,2691,193,150,52
BeneCyrill,2691,192,132,21
Pelusiansky,2691,677,430,109
tdf98pantani,2691,1616,1306,215
theredking89,2691,7709,6757,1456
neurisdr,2691,47,19,1
Error_Failure,2690,23,13,5
ElGasanov,2690,139,52,18
Cmm94316,2690,210,136,18
Rickyzhou,2690,504,430,135
Barys1974,2690,1138,944,219
ActiveKids,2690,404,170,29
Grandmaster1369,2690,241,191,25
LikeWater,2690,1347,1085,187
MarkusRagger,2689,203,97,41
dragon1249,2688,169,45,13
DeepMon5,2688,120,71,18
Iball95,2688,1711,1053,316
elpepinillo14,2687,1509,1244,218
GreenAngel30,2687,1175,1066,189
AlexUnderNewSkyEasy,2687,1094,1057,226
Jevaro011,2687,361,322,61
Buffy7,2687,1520,1607,292
Borsch7,2687,174,108,49
elm2007,2687,1641,1754,495
AllanStig,2687,217,100,13
PeruvianMaster,2686,425,381,86
Lalarttu86,2686,2138,1951,315
HomayoonTofighi,2686,318,281,66
Relict20,2685,423,360,91
AlexanderKing,2685,5261,3625,833
StanislavNovikov,2685,152,128,46
Nikolakis2014,2685,155,114,26
TheButcher,2684,1450,476,142
Fighter008,2684,174,84,18
GokillaOG,2684,287,251,64
Ricardo2019,2684,308,164,40
sedlak83,2684,22,5,2
Bad_Genuis,2684,1511,1681,401
ericovski,2684,173,111,21
L1m96,2684,165,82,16
GM_Crest,2684,257,77,30
vlad10898,2684,883,620,143
SpecialOne13,2683,108,33,8
JackSchwager,2683,91,41,11
H16,2683,383,218,32
MirMan90,2683,691,587,137
Byniolus,2683,323,296,42
Patzel09,2682,857,506,124
fa191828,2682,3511,2723,475
Dragonflow,2681,554,343,146
relaxx87,2681,478,295,58
Alexei_Kornev,2681,427,278,112
AM_DrDynamic,2681,67,30,4
dusanacns,2681,588,414,90
PaulfromSPb,2681,2658,1909,571
Alexandr_Predke,2680,378,276,66
allinoneman,2680,156,98,33
Gvalch,2680,1579,1769,359
bancsoo,2680,653,517,133
SPEEDSKATER,2679,1193,731,234
blunderisfun,2678,256,162,18
chesswky,2678,348,268,74
agus_k,2677,1914,1989,321
DEARMIKE,2677,190,118,24
Zheka77,2677,371,220,44
CoachJKane,2677,4634,3693,814
scrapnel,2677,1437,1262,272
AVolodin,2677,440,221,46
Bratikkvadratik,2676,173,64,23
forshmakoff,2676,2319,1646,567
timator,2676,797,792,147
Nikolaj_6,2676,5868,4362,1448
SylvanasWindrunner,2676,107,30,11
Lovkov_Roman,2676,1599,1506,267
GregShahade,2676,544,318,117
IchigoKurosaki64,2675,249,220,65
SingleSingam,2675,205,171,31
realrussiandonald,2675,663,464,94
lukaDoncik,2675,1189,760,165
Morf1us,2675,579,456,63
TricksterBlister,2674,5,0,1
Gyalog75,2674,4104,3163,654
SacUrPAWN,2674,94,60,17
anesar92,2674,501,247,118
Q-Texx,2674,685,466,105
crazy_machine,2673,89,71,27
powerqueen23,2673,239,106,26
Ellipsoul,2673,496,293,81
Russian_opposition,2673,1801,2005,554
Deeper44,2672,1340,1622,205
DelicateQuote,2671,24,6,4
doons21,2671,594,498,110
WFAFAFF,2671,616,527,95
bangchess21,2671,2873,2221,449
bfishbg,2671,1203,1235,146
kleinebeer98,2671,632,388,83
GranRobert,2670,723,711,131
Darhild,2670,646,671,144
Renier07,2670,446,246,57
Skagoogle,2670,380,243,51
LiYankai,2670,1037,767,230
ChessQueen,2670,1136,441,145
QuintilianoR,2669,1243,1148,223
Boris98,2669,5973,3906,1014
Doraemon7,2669,2340,2572,343
Blazinq,2669,279,136,22
BKL18,2668,66,40,9
gilbert_gm,2668,1717,1245,274
Ziachess74,2668,610,530,85
yuriy88,2668,2422,1504,387
hitaman,2668,369,187,50
cstevens1,2668,8316,8020,1848
AndreyOstrovskiy,2667,3690,2927,626
Biranidun,2667,982,597,114
Oleksiy_Khrinovskyi,2667,482,271,85
Tormoz,2667,75,43,5
Gen-Gutman,2667,296,219,55
TheCount,2666,1734,1214,208
hulkmania8949,2666,500,508,110
Father_Hacker,2666,2925,2822,350
whatbecause,2665,1555,1256,151
ViktorSheen,2665,52,43,25
Alexaarneo,2665,1268,996,151
DryCounty,2665,4223,4062,1406
almatyonelove,2665,1906,1592,284
ChessNetwork,2665,855,2617,509
INbetweenMOVE,2664,871,687,232
Leon-Black,2664,1178,1250,199
LifeIsGoingOn,2664,1517,1404,232
porguntil,2664,1195,987,177
blefer66,2664,2955,2984,376
reader55,2663,1922,1929,480
Blindcrocodile,2663,732,423,69
Boryboy,2663,568,545,110
dforcen,2662,1293,678,108
littleplotkin,2662,1665,1530,274
MatsenkoSergey,2662,3025,1838,566
hzhzwws,2662,1643,1803,291
123lt,2662,658,575,110
Heineccius,2662,403,180,23
NguyenXi,2662,1257,906,169
AlmasChampion1,2661,1136,1144,244
VincentKeymer,2661,21,19,6
Gr3egor,2661,973,793,169
DanielMielesPalau,2661,34,21,5
Tarlev_Konstantin,2661,160,72,22
NoverratedP,2661,229,91,27
giantslayer83,2660,358,143,37
Roman_Ovetchkin,2660,53,17,10
ChessBoy_99,2660,76,27,7
Spartakus1975,2660,1019,648,148
AllYourBaseAreToUs,2659,162,50,17
Nayarm,2659,696,337,52
Vuks91,2659,317,156,45
chessdjw,2659,786,535,97
leos01,2659,1787,1656,488
mwpchess,2659,904,727,364
Ali_rastbod,2659,550,530,109
Storne89,2659,897,569,744
Perfectlyy,2658,221,58,28
sleepyshin,2658,148,40,21
Hardenlzy,2658,142,70,16
beatles_22,2658,2438,2509,589
Guriempire,2658,6602,5290,1091
Sociedad93,2658,2918,2205,461
theodj,2657,191,29,2
Greensleeves92,2657,248,193,54
el-roedor,2657,1075,1074,249
Timerkhanov,2657,1109,1054,200
Allllak,2657,203,102,26
GmSergioBarrientos,2657,23,24,2
Iuri_Shkuro,2657,745,410,156
ravengelic,2657,1450,1221,231
REALBIZOO,2657,391,250,84
lime96,2656,181,97,19
Didici,2656,476,325,82
Smabye,2656,280,134,79
Benek77,2656,319,199,29
agent_Leon21,2656,667,480,53
bungakafa,2656,12555,10251,1564
vellottiwizard,2655,208,73,40
Montyxinner,2655,69,56,13
Very_Lucky_Man,2655,81,71,15
Atakishiyev04,2655,887,632,155
Evandro_Barbosa,2655,2944,2796,493
drop_top,2655,76,65,12
Shankovsky,2655,4001,3314,617
Warrior0911,2655,565,434,90
Nodar_Lortkipanidze,2655,1247,1431,257
Ovcarija,2655,1281,1169,220
ShorenaBegashvili,2654,113,97,16
Portykong,2654,225,79,26
mengtaiqiaichiyu,2654,1012,683,186
ronaldbrizuela,2654,270,126,34
Smirnov_Pavel,2654,620,379,140
lexisvar,2654,1974,798,126
Sergey_Kasparov,2654,926,935,423
striz80,2653,535,360,109
BolsonaroCorrupto,2653,184,108,30
Bernd_Stromberg,2653,1059,949,302
HonzaVykouk,2653,2043,2145,479
JEddieK,2653,352,192,37
DevInProd,2653,1286,945,311
temiksmozg,2653,1009,1081,196
Alex_Stripunsky,2653,113,63,16
731291,2652,2053,1648,394
kenkxie,2652,43,17,4
Bonkers918,2652,1375,942,196
Fondip,2652,49,15,3
gmjlh,2652,2770,733,259
VincentBlom,2652,1725,1495,290
DevikBronstein,2652,316,259,47
realmadridfc123,2651,538,564,82
NTBT_DHS,2651,2034,1847,222
c63_amg,2651,4583,4399,704
Inferna1,2651,554,464,99
Rish_97,2650,888,606,110
korbul,2650,2659,2580,406
PrettyGoodPrivacy,2650,487,191,44
robertseo1971,2650,623,570,176
josiwales,2650,1238,996,167
mazetofonias,2650,1095,849,269
Peter35813,2649,40,4,4
Zherom71,2649,1565,1433,326
Lucifer661,2649,63,8,2
jakopogi,2649,1666,2057,283
Don_Drew,2649,253,288,64
ejlat,2649,2867,3268,376
3SP15-2,2649,1813,1565,397
sganerdene,2649,249,113,19
VB84,2649,95,42,8
ShokuhouMisaki,2648,147,106,33
jonsson12,2648,3648,1981,503
Coolwcg1995,2648,138,129,24
beradze,2648,842,599,86
JohanSalomon,2648,2232,1506,260
LaStreetCmaMaison,2648,335,239,39
Sven_Tica,2648,384,299,74
lyndonlistzmendonca,2648,841,664,191
walkingcreep,2647,3145,1823,362
Golden_Frieza,2647,403,356,48
KazakhFighter04,2647,579,433,214
David_ChessMood,2647,312,299,59
Meharchinnareddy,2647,185,119,27
DenLaz,2647,341,272,60
rednova1729,2647,57,41,11
joshdaruca,2647,1385,1057,301
Kazakov_Konstantin,2647,721,508,99
CoronaWithLemon,2646,62,19,5
HidenDeath,2646,204,171,31
sofaceindisguise,2646,3380,3585,522
mitrabhaa,2646,554,660,113
Muradore,2646,3573,4174,829
VladimirPotkin,2646,37,16,3
Tash_Boy,2646,1462,1553,204
elefante33,2646,334,235,55
TroyKnight_2019,2645,89,48,12
1.40942E+12,2645,103,66,6
EliZhu,2645,541,340,26
Red4neck,2645,67,33,10
gm_davido,2645,367,333,45
Zugazuando,2645,948,472,142
Vincent_Vega95,2645,1314,966,273
Markov_Mikhail,2645,2080,2306,398
jonathanwesterberg,2645,1091,538,105
padam19,2644,7629,5144,742
pumajedrez92,2644,94,43,9
szachuspl,2644,376,311,51
lcfox,2644,107,24,16
mikhaillushenkov,2644,2131,1212,331
MountThief,2644,1373,990,209
eksponat1987,2644,4373,4491,603
BlitzMaster2005,2643,44,16,3
meoluoi91,2643,1009,889,115
D_Ant,2642,41,21,4
shosti-73,2642,1165,749,383
jerom555888,2642,3887,3584,614
Peng_Li-Min,2642,743,500,294
ragnaroek66,2642,22,14,3
Silversik,2642,2455,2774,334
dmckoy25,2642,1040,666,101
Leynarr,2641,372,176,37
KaterynaLagno,2641,29,17,6
AnonymousCheese,2641,193,113,25
3rdBishop,2641,611,355,81
DeGrootteZ,2641,1905,1483,325
ulvi95,2641,155,100,36
oskariot,2641,2723,2826,512
Ronaldoinfire7,2640,4,1,3
k1nkywalrus,2640,270,201,39
DonRodrigue,2640,921,696,163
szabadaba,2640,267,214,30
fmshawnrl123,2640,367,214,52
Awentrap,2640,186,160,24
ind_jap,2640,303,175,22
Reshetkov,2640,1126,642,129
playerorkinyo,2640,560,346,55
aleksa74,2640,2913,2651,607
evacuate_33,2639,394,136,24
LaVieEnRosee,2639,11,7,2
cn_ua,2639,1137,850,282
KayraKamer02,2639,181,108,24
masterperformers,2639,257,63,10
KNVB,2639,5909,1524,333
GukeshDommaraju,2639,980,812,151
Filippov_Anton,2639,216,137,38
MrGorik,2639,460,370,65
morphy1984,2639,1191,1029,257
slabalachkov,2639,2692,2111,369
Marcus_Harvey,2639,6265,4606,1311
yiy1156,2639,1586,426,63
Jaaborok,2638,1238,1221,219
TrueJedi,2638,163,110,23
Kirovets,2638,242,184,42
chaos44,2638,39,12,3
wangyukun,2638,221,168,25
Geller_Jakov,2638,47,22,5
Chiinaldo,2638,974,936,188
Neimar24,2638,713,468,108
ultraminds,2638,1775,1567,380
ExceptionallyDubious,2638,1987,1574,303
Squirlolz,2637,107,116,14
Babafingo1903,2637,665,581,114
MalakhovKirill,2637,267,214,47
Blackmind96,2637,943,716,218
WFAFAF,2637,1351,1330,264
sandropozo,2637,2610,2267,525
Cayse,2637,130,66,17
Nikolas1408,2637,222,135,38
LawrenceTrent,2637,2298,1267,251
Kostya_Nikologorskiy,2636,585,251,46
ProfTerrieux,2636,1048,1092,176
e4Bg7,2636,98,40,12
KosanovicGoran,2636,336,199,38
RobertFontaine,2636,2700,1858,439
CR7siii,2635,6,1,0
kulangoterou,2635,257,46,9
vladjimir,2635,7870,5223,958
capatl,2635,1738,1447,225
Maikrosoft63,2635,1846,1515,244
HuskLion,2634,153,122,6
Obito24,2634,2666,1948,520
Ducu14,2634,467,154,62
Vanina1989,2634,51,19,7
RaphaeI,2634,493,363,96
novakdjokovic142,2634,783,538,94
monkeyking88,2633,2653,2066,337
Armstrong2019,2633,142,139,16
GMBellicose,2633,93,48,14
Vraglon,2633,212,110,15
SpasKozhuharov,2633,184,83,20
EddieMeduza,2633,357,221,32
ZD700,2633,489,409,77
Ryfuko,2633,490,365,58
Berkardus,2633,168,113,24
cangtianwuming,2633,1666,1682,405
Michael_Zaslavsky,2633,115,42,14
vcs,2632,214,151,22
JakubPulpan,2632,329,279,120
ArnaudovP,2632,3923,3703,764
tsvet2005,2632,202,183,47
CHESSMASTER759,2632,123,60,37
Kurai,2632,3857,3629,546
larso,2632,949,858,176
hurricane7791,2632,761,516,78
PlotkinCrusher,2631,16,1,1
Schachspielerr,2631,285,144,37
Ichamo,2631,616,546,54
Kira170,2631,1686,1645,300
Rodalquilar,2631,288,155,32
IgorBjelobrk,2631,1553,1120,321
nikaghvamberia,2631,254,201,52
Bladel,2631,427,386,109
DRACARYS1,2630,182,61,17
Borsuk_Yury,2630,493,387,106
ElHelvetico,2630,495,365,98
burbur555,2630,3401,3819,1458
Diwi89,2630,267,113,40
Kosak12,2630,709,461,80
JanSmeets,2629,288,206,29
Gusarov91,2629,56,59,14
Chess_legend4567,2629,269,152,40
Chesst9,2629,41,6,1
IGROK1111,2629,2835,2447,485
brandonf1,2629,483,90,35
No_ChanceLegend,2629,1356,1200,204
ayanakhmetov,2629,399,284,53
Uncubodebasura,2629,57,37,6
S-Fazulyanov,2629,151,76,17
AlleyOoper,2629,2850,2655,485
MrVenky,2628,10,12,2
Ernestojfg,2628,357,396,90
PowerDarYu,2628,218,132,29
Russian_ChessSchool,2628,253,145,24
ObnoxiousMind,2628,226,200,39
muzadlane,2628,2376,2362,464
4everLoveLu,2628,865,582,155
ciuuuuu,2628,518,381,150
Maddcold,2628,4871,5620,766
SergSt,2628,1459,1657,306
esapunov,2628,2640,1905,326
kotmizer,2628,588,501,53
The_Climb,2627,59,30,8
kushagramohan,2627,1182,878,275
LaSuerte,2627,1011,1118,215
DarthKingsbane,2627,290,206,25
EndgameGrinder,2627,1471,1271,295
Nofear90,2627,1533,1298,245
PabloZarnicki,2627,573,493,147
JakobVangGlud,2626,447,256,63
SpencerCreek,2626,183,97,31
chess_lhy,2626,295,239,39
Faqade,2626,405,233,37
chessfatbear,2626,429,384,104
Bykov_Egor,2626,1235,1252,209
Meizon19,2626,2103,1471,256
TigerLilov,2626,373,251,42
Dinamo81,2626,69,19,7
NedirSylyev,2625,92,22,7
Maxterlopez,2625,287,272,23
Alex_Molchanov,2625,1047,783,167
AntonShomoev,2625,237,179,34
Timeslice,2625,300,155,30
vonSpiegel,2624,357,319,46
ihaveplease2403,2624,645,501,50
AndThatsAllSheWrote,2624,1755,1897,313
Potosino1970,2624,365,270,53
GMBenjaminFinegold,2624,3568,309,113
Alex_Denton,2624,452,269,45
khekhm,2624,1665,1189,207
dimailuka,2624,4938,4254,1290
Hunninn,2624,3804,2466,663
sword1956,2623,850,843,201
Yurovskykh_Alexander,2623,409,328,94
FEKKET-ESZTER,2623,1543,1715,382
kflorian98,2623,3876,2989,1065
Bubi6,2623,2558,2175,328
Mistango,2623,1685,1818,307
jorgeluis86,2623,352,227,40
CyrilMarcelin,2622,68,46,10
Sanjie001,2622,279,208,21
Airquake,2622,423,405,56
Sutormin_DA,2622,722,662,89
Beltsychess,2622,6641,7778,1025
Grandelicious,2622,93,42,21
manipun,2622,1386,903,153
SlowPatzer,2622,4967,3975,954
dangerousfish,2622,18277,14948,3897
ChristopherYoo,2622,1157,895,216
keepitsimple03,2621,354,368,86
Hadrus,2621,283,214,103
farzadbfd,2621,607,604,91
Paavo_Blinkov,2621,617,661,87
Schacho1,2621,1565,1365,370
AlonYoavK,2621,1307,1453,315
WW2WW,2621,514,470,84
Drunk_Knight111,2621,3200,1853,489
Individoom,2621,1650,1423,196
Zavgorodniy_Serg,2621,1099,1088,150
JustStudent,2621,353,286,128
MarianPetrov,2621,2999,2764,559
DrAVC,2620,34,17,0
BadApp_le,2620,52,17,4
19283645,2620,230,153,59
Chesschessplayer2019,2620,398,316,52
succesful_pupil,2620,120,38,16
TFL21,2620,56,7,4
yeesus413,2620,272,221,26
Kudrock96,2620,916,820,136
flavettes,2620,1283,1122,184
saikrishnaReturns,2620,1332,939,198
Iljin_Timofey,2620,207,73,26
Khallod,2620,149,78,5
RoelandPruijssers,2620,812,458,111
lupta_robin,2620,4105,2608,861
jacky72,2620,1458,1307,311
Dr_Nezard,2619,1704,1820,369
Joselo64,2619,253,164,52
murt8566,2619,430,275,64
Aki_2001,2619,305,279,116
suyu28,2619,810,700,75
Leao11111,2619,557,475,127
Rethinking_fables,2619,1890,2186,221
druskacik,2619,2003,1493,484
AliKa2810,2619,208,147,39
Fabifanboi,2619,760,644,109
Rile-Man,2619,1257,1338,182
Ginger_GM,2619,8234,6733,1051
RussianBlizzard,2618,446,477,113
testviking,2618,2907,879,137
Jungkook-BTS,2618,127,75,9
SMyP,2618,87,51,7
WGM-Lara,2618,55,31,3
fan_of_Metallist,2618,71,44,8
Thjop,2618,759,601,183
Lapitch,2618,229,95,19
raviteja81293,2618,926,779,175
Abu_Tyven_Fra_Bagdad,2618,514,344,65
psyduck08,2617,34,9,2
blitis,2617,79,33,18
tarantul1,2617,198,74,18
Malev212,2617,476,419,53
MatijaOlimpiakosIvic,2617,756,767,61
wenx,2617,4913,4399,623
Chess_Boxer123,2617,701,564,106
ScyllaCharybdis43,2617,247,179,15
metra93,2616,1571,1248,377
pawnpusher28,2616,270,173,35
Paladin61,2616,1687,1462,335
ekurtz,2616,8899,8900,835
crackcubano,2616,971,842,151
Spinaltap,2616,3017,1527,373
HansCoolNiemann,2616,1006,535,140
1moodyman1,2615,44,13,3
Bari_Lindon,2615,3850,4131,819
AbbasovFarid,2615,111,74,9
swisspower96,2615,1137,1074,203
124chess,2615,716,660,132
pulvettd,2615,1346,1225,197
DavidMarkosyan,2615,3850,3664,876
Buzhizhebuguai,2615,2292,1583,275
johnnykaminskas,2614,175,23,17
jwillz14,2614,1137,1177,136
vpsetter,2614,472,463,83
kroonts13,2614,1197,1122,179
SamuelGhimpu2003,2614,717,539,167
Karateloru,2614,1610,1144,315
Archy17,2614,99,61,8
Petrosyan_Tigran,2614,112,58,47
SoggyCheese12,2614,3411,2047,401
putra48,2614,1052,942,159
SuperFineHipster,2614,391,260,37
XiaoXiaolun,2614,575,408,146
Tesla17,2614,558,442,69
piotr-brodowski,2614,445,360,79
vova-79,2613,1792,1587,609
AradNazari,2613,572,619,121
Powernoise,2613,887,1113,412
Red_byl,2613,110,26,11
Shurago,2613,607,504,89
Barbix1,2613,641,464,154
BKchess2108,2613,103,65,10
elpidioafc,2613,1359,1238,115
eb40,2613,1718,1634,259
Drawlito,2613,1707,1287,200
RodTwinkz,2613,763,579,103
grandmastergauri,2613,1129,1161,176
econpower,2613,476,539,128
hus2014,2613,2788,2360,236
HTCX374,2612,562,490,78
Petrosian_defense,2612,41,5,0
dragon670,2612,12,0,0
chidori_boruto,2612,307,129,43
AlexPapasimakopoulos,2612,821,587,122
JonahB94,2612,1098,736,199
Gennady_Kozlov,2612,254,151,26
Chigorinetz,2612,1089,986,159
Gannikus21,2612,1088,1133,212
RockSolid88,2611,246,225,40
P-E-T-R-0,2611,831,778,307
ezWGM,2611,161,45,11
dlp300,2611,2661,2459,298
FelixJoseYnojosa,2611,81,57,11
maksim_tsaruk,2611,508,461,78
Supernotar,2611,610,492,125
GM_Petrovich,2611,1411,751,241
TinManWinsAgain,2611,2593,1763,434
IljaZaragatski,2610,1008,734,78
kiert1023,2610,49,7,2
PSGLGD,2610,218,180,44
Alzhur,2610,707,574,101
pantzarvagnen,2610,564,316,59
Happy_Bear,2610,317,211,24
Fibrinogen,2610,3123,2514,451
Adrianchess92,2609,78,48,10
Ronaldona,2609,55,35,4
Bentetal,2609,264,105,26
UnluckyTom,2609,207,174,34
deadlift_king,2609,685,626,66
vitoria-gasteiz,2609,131,119,14
astralpulse,2609,3602,2908,434
OldweakGM,2609,139,46,15
zim0ne,2609,5681,4661,588
Noghay,2609,492,287,80
gedeblas,2609,1718,1666,172
JVFerreira,2609,1119,756,165
DanielRensch,2609,1884,1143,192
Gergo85,2609,1902,1535,406
Play_Dead,2608,2242,1147,227
Nicolik,2608,1928,1344,277
BLOB_BLOB,2608,493,515,147
vegasicilia,2608,355,225,55
happyalexander,2608,910,859,116
area_5,2608,1412,1054,279
markowskitomasz,2608,130,89,26
truetellerfromkz,2608,628,411,109
Hiraishin3,2608,1948,1269,338
7Madman,2608,810,567,131
xamax2000,2608,136,75,24
1e41-0,2608,3822,2328,386
Karacsonyi_Gellert,2608,1354,833,217
lukuka11,2608,5474,4740,1070
aggressive93,2608,7277,7207,830
xRachellex,2607,93,28,14
Rumbleon,2607,638,502,77
urpok23,2607,418,276,37
Jadro9,2607,304,266,44
Erottev,2607,1118,772,118
rhinoceros2015,2607,1582,1561,498
BursaBBSatranc,2607,902,649,141
Rumpel-VK,2607,134,78,24
Mornar1951,2607,420,197,87
morjesta,2607,1016,755,200
Gmnadlor,2607,1487,1461,184
PhysioTherapist,2607,698,531,45
XxCuteGachaKittenXx,2606,46,7,3
utakemyqueen,2606,271,163,14
Robertfischerjames,2606,268,138,20
haddinibilbaoo,2606,276,214,30
hofgmjohnny,2606,541,306,110
tacticsisfun,2606,49,33,5
elcandado,2606,2401,2240,560
tetrix83,2606,1091,1068,166
CoachGunnar,2606,10211,7232,745
Roanga,2606,329,257,46
rustev,2606,4472,3613,541
aNaartjieZA,2606,2897,2370,550
cool4chess,2606,782,746,111
SteelBoy96,2606,513,401,100
AmilAbbasov,2606,554,437,83
Agent-JL,2606,1646,1482,197
Nadtkins,2605,2624,2316,497
ltorresr,2605,1445,1319,219
muhameti1,2605,765,739,98
happywarcraft,2605,483,193,114
Noe_Tutisani98,2605,721,757,127
Oleg_Konnov,2605,209,132,23
oskychess,2605,116,67,7
kastaneda86,2605,77,26,6
Georgescu_Tiberiu,2605,711,517,124
JonathanChuah,2605,39,3,4
francyIM,2605,5479,4376,759
ly4o,2605,316,218,59
EmbarrassmentSon,2605,13128,12700,1157
Joshukid,2605,2917,2467,521
AhmedNassrLive,2604,107,95,30
Psihekb,2604,173,65,32
Superfm1,2604,327,200,51
ChesssKnock,2604,614,660,202
Sphere_of_Ice,2604,241,122,32
s_control,2604,1424,1714,248
KononenkoD,2604,1040,1001,172
fyfly,2604,126,42,5
GhostOfGreenval,2604,621,632,179
chessasuke,2604,744,826,172
Bunnie69,2604,224,42,21
Alexander_Kachko,2604,397,347,83
Bathory44,2604,700,446,120
lestri,2604,60,29,10
CountBranillo,2603,369,178,47
Erik-Erik-Hakobyan,2603,330,150,39
Rodion_Bogdanov,2603,198,108,18
Pancakes_with_cream,2603,202,191,20
TheDarmen,2603,353,242,50
Sakkcapak,2603,616,538,100
El-Capa,2603,771,623,71
Swiezen,2603,818,795,160
XXXdeadmanXXX,2603,2585,2735,501
Forge13,2603,712,562,157
SenseiJulio,2603,392,321,26
MokshanovAlexey,2603,128,47,21
JuanJoseCapaBlanco,2603,1246,1181,111
GeorgiosSouleidis,2602,3133,2292,585
RubensCezila,2602,38,27,2
AMANTIO1984,2602,1650,1560,317
meza_brali,2602,111,43,8
Takizawa_kun,2602,319,294,19
ZookeeperQuorum,2602,153,62,16
riga1960,2602,3404,2609,624
Baahu,2602,781,674,126
Disturbed01,2602,936,634,129
hugospangenberg,2602,1526,984,278
popov_m,2602,278,148,57
Logical_Nonsense,2601,9115,9946,808
canwedoit,2601,3736,3677,466
LagEsports,2601,642,482,73
AleksibFan,2601,305,303,63
DrCansino,2601,1732,1296,143
mmgchess,2601,190,150,29
Pobliso,2601,245,88,10
Akali666,2601,163,87,10
Magician7777777,2601,124,106,37
Bazanji,2601,499,428,68
DucNguyen98,2601,436,355,38
thunglyndi,2601,1007,748,121
Mikhail_Golubev,2601,970,870,183
Aplecons,2601,9625,8175,1028
Christov91,2601,5186,3745,841
ArmChamp,2601,722,489,114
Anhao,2601,2826,2384,270
Buknoy8,2601,167,178,28
Tahsinzia2005,2600,146,127,42
gmasterkiller,2600,250,194,47
KZZnci,2600,116,32,9
Willydfresa,2600,1364,1252,182
Vextrous,2600,198,176,35
RussianChessCoach,2600,517,523,55
Braun_Michael,2600,897,754,128
panda1331,2600,150,129,54
figter2008,2600,702,437,109
kasparik_garik,2600,3336,3552,644
FrankUnderwood15,2600,349,293,155
notagainme,2600,1024,876,213
selvas123,2600,326,211,33
nicetry21,2600,248,140,34
Elnur_Mehtiyev,2600,272,180,38
lenglie,2600,1242,1188,248
waxq999,2600,1415,1217,246
Krantss,2600,602,540,134
rase,2600,4872,4512,750
Krasimir_Rusev,2600,2583,1529,266
JLCASTANEDA,2600,295,167,38
ulises2013,2600,415,272,67
jbj,2599,896,724,172
BrookSK,2599,87,28,14
MarcoRiehle,2599,665,448,112
Choochingoogicu12023,2599,146,55,18
ChessTerminatorOn,2599,350,322,91
buldog58,2599,3114,2403,302
Tyler2018,2599,90,22,9
Lector118,2599,1853,1505,274
Tarhercule,2599,359,250,62
Rtalao,2599,624,403,78
HaiGiong,2599,1114,786,132
stoleriu,2598,656,734,142
bestofbestkiller,2598,170,102,25
Edegem,2598,1126,1179,172
viggi38,2598,3490,3143,404
medinapaz,2598,496,232,49
MikitaBadziakouski,2597,152,54,15
AFishbein,2597,573,530,195
Alex_Semeniaka,2597,364,212,41
Alkaev_Ruslan,2597,419,364,45
ShakhiMaty,2597,407,386,67
AndreyS161994,2597,268,221,37
hunterzolomon,2597,78,67,8
GMAlex1971,2597,544,347,103
ajzuorif,2596,96,47,7
tiger661,2596,142,31,13
Birds_of_Prey,2596,800,898,134
Listenbee,2596,1012,668,126
Maestro_Isa,2596,576,534,95
Kimster98,2596,1508,1208,871
YoungUzbek,2596,348,210,18
Shoorly,2595,64,35,10
Murad_Ibrahimli,2595,445,397,63
Yoshkinkot,2595,922,747,165
therealtrader,2595,549,462,71
Algeriano22,2595,685,606,102
chessking2151,2595,430,353,63
Quinten94,2595,123,105,24
Sattarov_Bobur,2594,1096,1214,172
Gusto_Frutta,2593,1578,1422,302
secret_guy,2593,85,60,11
solxe,2593,479,314,75
tengis_0228,2593,176,81,18
vinniethepooh,2593,1728,1796,493
Karim_202020,2592,9,7,1
Synxea,2592,118,79,14
duvigneau,2592,793,167,48
adotand,2592,1161,1095,189
Ambitiousresolutions,2591,761,511,207
cuprichanin,2591,710,618,119
pylaeva,2591,942,377,154
Amincheraghi99,2565,109,96,23
LNKavalenya,2591,7154,6148,590
viktorskliarov,2591,278,104,51
aMorphy,2591,581,393,76
GMRafaelLeitao,2591,135,67,36
DragonB70,2590,1616,1651,276
FerociousKnight007,2590,29,17,2
SaveIndia,2590,84,43,4
IMRosen,2590,943,504,96
KingAjLiteratus,2590,141,86,21
HWegner,2590,638,403,106
Keaton87,2590,2038,1263,388
DamianoLew95,2590,118,80,29
ENajer77,2589,6,4,1
Ratkovic_Miloje,2589,93,93,22
thelegend759,2589,158,121,22
DrVelja,2589,1214,938,211
lavr92,2589,4556,3742,678
Rybka1989,2589,1605,1469,523
FlorianHandke,2589,7385,5222,1138
Fy_Rakotomaharo,2588,1728,1750,304
GM_DarwinLaylo,2588,784,537,129
Manbunovich,2588,45,28,11
SoltaniciR,2588,1335,1244,243
nurmiTV,2588,1568,1093,187
danir29,2588,1009,1037,246
dawid498,2588,448,221,73
BASSU1,2588,310,261,33
Milber,2588,4247,5099,660
NJChess,2588,607,444,158
PolliLoba,2587,277,162,46
TregubovP,2587,138,98,46
LizaSolovyova,2587,234,236,30
Candidate89,2587,2494,1660,292
mat_kolosowski,2586,4340,2009,473
DenisQ,2586,572,483,178
Navi-electronic,2586,71,45,10
Max-Chess1,2586,186,114,34
MehdiHosseinipour,2586,1447,1571,265
Vlad_Voitovich,2586,192,194,30
MateSchmate,2586,870,891,225
dyziotomi99,2586,1536,1141,294
vlad_Sid,2586,1223,996,194
smilecoach123,2586,876,475,88
rovokopac,2586,8659,8288,2177
nfds,2586,4114,3235,499
deep_ex,2585,508,569,124
Recobaman,2585,1657,1262,269
SamF64,2585,4351,2860,601
MEGARAPTOR1,2585,325,128,26
mohammadmousavi9889,2584,482,220,27
LusyaM01,2584,165,103,23
diokletian,2584,254,149,48
russian_gm,2584,1120,1297,320
2weak2win,2584,510,513,118
kimepchessteam,2584,35,42,8
RegZryt,2584,1869,1513,352
Gubajdullin,2584,416,158,37
Shiirav,2584,232,185,25
ALeks_Ivlev,2584,1541,1587,164
Itzky,2583,445,338,57
olksuna,2583,77,63,14
riconaipe,2583,1444,1057,285
lasayon,2583,173,89,18
sara_khm,2583,483,381,82
TST2014,2583,1719,1815,335
SmoothAsAHedgehog,2583,1230,772,176
thalaiva,2583,191,133,26
asms9699,2582,148,129,29
PelmenArkadiy,2582,157,127,15
Azatnew,2582,1183,1278,226
Tiger_V,2582,605,427,85
blitzking1729,2582,863,1004,195
nikitamorozov1999,2582,711,760,88
SeltzerWaterBottle,2582,5146,4325,635
ilya261991,2582,448,420,76
Spalir,2582,2317,1621,424
Ramonorte011067,2581,205,53,23
Mariya_KozachenkoFan,2581,50,28,17
J_Vasquez,2581,213,176,56
SomePatzer,2581,3890,3156,573
MartinZumsande,2581,208,131,46
Perfeccionista,2581,3889,2366,652
ChubbyPandaEzebat,2581,1522,1131,191
Pilopa,2581,1309,997,199
Harut-1998,2581,2822,2203,428
BernardoRoselli,2581,3023,2611,436
PeterLaFleur,2581,184,135,28
pollo2016,2581,162,84,12
mirceaparligras,2581,141,54,23
canhhuan,2581,2348,2560,408
cuencajugon,2581,95,76,19
FMJoseHerrera,2581,3486,3366,336
tuxy23,2580,4579,4686,668
bobsolid,2580,202,108,30
theking116,2580,258,44,26
Lightningstrike9012,2580,31,26,10
Dutch_Player,2580,440,214,66
torfredrik,2580,4763,4818,861
DrKozerov,2580,541,537,99
VZMZ,2580,31,10,2
merei7,2580,996,942,225
Seacadet7,2580,730,500,22
Babageldi,2580,848,672,247
tjychess,2580,698,488,76
KardashevskiyEvgeny,2580,876,958,217
Unicorn_Love,2580,671,555,136
EvgenyPigusov,2580,232,182,33
Feegus,2580,2190,2151,300
caspiwins,2580,1476,1012,207
IM_Kgwm,2580,275,214,34
koneddz,2580,1215,1099,245
guesitos1,2580,1088,790,158
aydenthefuturewgm,2579,23,6,0
SarkisEdwards,2579,116,34,13
MEMENT0_M0RI,2579,1942,1532,300
deusacn,2579,993,907,170
GothamChess,2579,3281,1344,269
xxEuroticAxx,2579,524,383,83
AnotherGrumpy,2578,172,207,16
whyme85,2578,2329,2657,556
Monmoransy,2578,1057,949,297
fruitpicker01,2578,1956,2125,411
Riplus,2578,328,215,50
Holden-Caulfield,2578,1246,798,210
canonjamaicaella,2578,1886,1503,283
sun_flower_chess,2578,4349,3990,379
DAESDO,2578,2571,2387,471
tioloko,2578,1317,1212,189
jimis98,2577,343,255,42
brianmcnee,2577,108,88,19
zadkiel27,2577,800,692,251
in_the_fire,2577,575,645,167
Kozganbay,2577,1961,1681,261
k_matt,2577,364,228,45
Muracle,2577,419,391,58
grzechu96,2577,258,161,28
Ar4uha,2577,2700,1677,415
bootstar,2577,1831,1265,272
IM_Michal_Luch,2576,667,489,166
machinegun1,2576,2270,1770,271
NMKameleon,2576,27,2,0
IvaVidenova,2576,301,199,39
Prof_Bjeoui_Imed,2576,26,9,3
Mikolajenia,2576,361,170,65
labrador19,2576,501,437,83
TreinadorBrasil,2576,403,390,31
Alexchess1984,2576,231,157,29
Supercheese7,2576,123,41,8
Hakob-Hakobyan-Arm,2576,1301,1288,317
Omikron81,2576,200,136,30
Houdinovic,2576,255,213,36
Chessmasterzt,2575,81,24,17
Avorion,2575,196,30,11
Alexey_Ustinov,2575,380,158,64
lexa96,2575,4374,3480,747
Unico10,2575,987,895,132
NaziPaiki,2575,61,9,5
Maurice93,2575,2217,1951,437
MataleoFM,2575,1472,1001,215
johnathan113,2575,1555,1404,246
TacticalJesus,2575,9124,6568,1678
JiaHaoxiang,2575,659,476,138
Hajime0,2574,771,738,122
PuzzleRushDestroyer,2574,486,472,66
Knallis1,2574,325,196,35
fiostone,2574,612,573,115
KeithArkell,2574,1797,1117,340
MichaelBaron,2573,27179,13588,3616
RobertRis,2573,3342,2096,559
Training55,2573,48,23,6
authintake123,2573,507,406,79
Abooe,2573,746,820,96
happy2lose,2573,1194,823,126
AlexVanGog,2573,6,2,1
fischerlol,2573,60,36,7
ChessAintFun,2573,415,452,86
shava04,2573,1247,1215,208
Evgeny81,2573,34,13,2
Flifli,2573,734,487,70
skylerwayne23,2573,622,675,100
GMsKoRPioN,2572,384,367,62
HustleTime,2572,5841,5606,1362
brightthunder,2572,947,564,80
VETRIVELVEERAVEL,2572,108,121,31
irakli0107,2572,50,7,2
VEGGIE-MONSTER,2572,1438,833,169
AryamAbreu,2572,729,661,131
jafp19,2572,618,487,126
Gimagibi,2572,894,651,122
Niclox,2572,137,58,10
Maxwell1986,2572,286,83,27
omarnoman,2572,670,621,64
Pupipuup,2571,366,301,68
fancyknightmaneuvers,2571,1156,815,181
JohnnyOsings,2571,659,491,90
koktebel22,2571,76,31,15
fremidus,2571,503,522,91
Aequitasch,2571,264,230,17
davidkalashian,2571,1699,1193,250
GGG,2571,491,230,92
louis198,2571,3354,3785,798
talentzeker,2570,987,1134,175
ayykins,2570,780,553,49
gholamreza-anvari,2570,1341,1327,289
bst01,2570,2489,1817,297
alqudaimi,2569,372,273,35
vidrio3,2569,57,54,3
trushnikov,2569,2125,2262,373
Astaneh,2569,124,105,19
Mageko1984,2569,346,201,36
Mamyan_Manuk,2569,195,122,24
DjokkeR,2569,280,177,38
morfius,2569,331,268,93
VovAn1991,2568,190,78,26
Danirod,2568,8318,7796,1882
PLAYER_2006_M,2568,135,116,21
DenishevM,2568,1148,839,184
MNikolov,2568,1668,1249,198
Blank112233,2568,1927,1182,237
caballodeacero,2568,646,172,35
abykhovsky,2568,2450,2210,338
cleversharkk,2567,75,72,10
pityuka321,2567,113,54,16
Appletlb,2567,123,126,26
ramses135,2567,414,313,66
IMcoach,2567,1660,1439,247
Kubas1010,2567,719,350,109
peti2000,2567,834,628,144
aleks45,2567,537,405,88
IwkooO,2566,609,517,103
GMMarcelKanarek,2566,12,14,4
Skliarov_Oleksandr,2566,195,74,42
GM_GonzalezGarcia,2566,402,260,57
amiralfio,2566,956,707,127
Kastanieda_Georgui,2566,98,33,15
Frolik67,2565,1768,1020,202
IU_fans,2565,437,303,54
ThanhNguyendn,2565,74,29,9
TaykaGM,2565,2,1,0
Msbff,2565,39,20,8
RazinVadim,2565,1039,1029,116
eldur16,2565,301,126,41
VladimirSmirnov,2565,1677,1098,346
MiroMiljkovic,2565,446,310,107
Hares91,2564,87,46,12
Lagravesamuell,2564,398,419,58
hanurik,2564,238,227,28
xixvi,2564,555,549,86
tester-of-the-wise,2564,197,97,17
Szczor,2564,5610,3965,949
DrDog123,2564,473,329,21
AmelyPlaying,2563,1224,1131,199
slim_fit,2563,697,389,88
Tiqr777,2563,2626,2231,585
agapov771,2563,5120,6468,810
Federtiu,2563,2844,2141,299
prodigy999,2563,189,120,26
Eman_3-80_64-bit_POP,2562,25,1,1
kiritolemon,2562,47,13,4
Konovalov_N,2562,101,45,10
nurgyulsalimova,2562,1261,1414,316
plouarzel,2562,2519,2005,472
Gwazamutosse,2562,287,220,32
Arek_pacitan,2562,702,571,90
EgyptianKing112,2561,78,24,5
Mourinho_Jose,2561,386,403,101
PotapovaM,2561,649,540,157
SiddharthGMJagadeesh,2561,472,409,73
vaya_con_dios,2561,453,440,61
borocotoajua,2561,548,530,70
Mrkooshaj,2561,271,175,51
madmoron,2561,1134,1244,254
Chuson,2561,1447,1175,292
afgano29,2561,2006,1507,281
tankbox1,2561,660,527,96
Filipets,2561,315,315,79
Mag_CarGM,2560,63,56,15
johannesh,2560,453,243,61
jjosu,2560,1003,525,88
Venezia2018,2560,1765,1409,353
goodluck06,2560,1734,1503,197
ElnietodeMorphy,2560,1741,1567,193
PalamedeCoach,2560,3415,2488,569
hubertsmazak,2560,726,505,110
davidarenas1224,2560,583,510,66
karpovrian,2560,1148,955,107
Battever,2559,320,222,26
Onegust,2559,1918,2244,276
JustAnything,2559,1905,1913,360
217s,2559,184,90,26
Rachina,2559,509,353,77
VSawaF,2559,1547,2353,364
aquailibrium,2559,65,38,10
mfhojper,2559,394,230,43
elextranjero00,2559,456,412,104
djogrodek1,2559,1371,1068,262
ZatonskihAnna,2558,13,17,9
recargado,2558,133,71,27
pg-91,2558,120,71,22
warriorarq88,2558,287,254,42
juanchesst,2558,744,545,63
novendrapriasmoro,2558,530,341,47
QuietLobster,2557,12,13,4
LearningNewOpenings,2557,125,63,10
sevak8,2557,360,186,38
LittleRussianBig,2557,32,10,1
roswer97,2557,335,54,4
X456,2557,241,172,107
Notevancapel2,2557,337,151,20
Barboval,2557,46,33,6
Triumphmate,2557,292,276,45
Willhaven3,2557,2629,2669,368
KylinKylin,2557,381,167,40
FlySooHigh,2557,485,300,59
backreg,2556,8641,6446,855
mgeli,2556,26,7,3
mrding1,2556,105,22,5
peteryouchess,2556,929,938,94
Desha1991,2556,1297,918,119
228_YAGUAR_BANDIT,2556,397,309,77
shantanubhambure,2556,169,71,13
MolodbIk,2556,816,598,76
Robin-Side,2556,1717,1204,243
JasonAlt,2556,698,584,67
jungleman82,2556,70,24,13
Vivilica,2556,387,277,57
Chakraborty-ARZ,2555,321,186,54
Toro1234,2555,36,25,4
docot,2555,1073,573,98
ChessDestroyer777,2555,508,345,77
Tayson_7,2555,1079,1117,305
PapiSech,2555,282,273,52
Pakarma,2555,820,683,138
Yura8134,2555,1841,1861,394
WPWPWP-2015,2555,352,250,47
daanbrandenburg,2555,442,283,68
steepspin,2554,219,189,25
CMTalleyrand,2554,2254,1424,299
ehrenfeld,2554,1574,1645,298
rookoco,2554,2381,2031,418
Mesutgm,2554,2750,1877,563
Naruto-K,2554,3993,4242,424
tidyclam,2554,308,156,24
massaker,2553,852,626,103
thelionmind,2553,275,242,31
whogeeyao,2553,1474,1267,182
baracapy,2553,197,189,35
JimmyPeterson7,2553,308,153,81
StrategyGM,2553,260,293,59
vladimirdamjanovic,2553,4932,5741,1083
florianschwabeneder,2553,2836,2565,478
Duratschok,2553,1051,871,287
darsen_sanzhaev,2553,261,221,36
memberofgryffindor,2552,153,117,22
MonHamsterTeDomine,2552,859,770,121
KingLionV,2552,26,6,8
357159852,2552,169,25,5
Twiceblessed,2552,2528,2316,478
capork,2552,40,9,6
abumuslim1983,2552,703,773,107
Iustin106,2552,2810,2787,468
Andrei_Skvortsov,2552,1851,1699,308
letswin2,2552,552,586,138
Paul66666,2552,977,694,139
Caissa91,2552,744,573,61
Binary010,2552,120,64,27
azeri-style,2552,235,157,18
SpataGerman,2552,1037,986,216
Rozzan90,2551,2755,1856,275
Atlas_The_Titan,2551,307,278,35
NuidisVulko,2551,1,1,0
AvakianArkadii,2551,1470,1216,327
Pastushonok2,2551,330,281,55
Elegance_Riks,2551,19,12,28
Bad_left_hook,2551,2000,1872,376
matiss90,2551,249,221,49
egolav,2551,271,200,54
muruganthiruchelvam,2551,3555,3558,473
Nf8,2551,200,95,13
Tabamsey,2551,134,65,19
JAGER90,2551,3016,2314,552
Tpros,2551,4624,4334,863
Tibmat,2550,1447,786,207
Naxorm,2550,538,319,62
1e41-O,2550,688,494,66
menthol7,2550,380,181,78
LostaBet95,2550,667,469,85
harvsp123,2550,2481,2705,660
AryaOmidi,2550,80,66,6
capivarowsky,2550,858,631,175
ManWithNoName89,2550,326,194,32
VictoriaBeast,2550,37,10,2
remi04,2550,224,93,25
Pillsbury95,2550,451,332,71
jb2mix,2550,677,334,183
SirStrateg,2550,3795,3728,883
brothersgrim,2550,272,118,35
daffidollchess,2550,591,427,71
PabloRicardi,2549,403,184,44
ClassyEl,2549,1029,895,172
AnubisInmortal03,2549,205,111,12
TortugaChess1,2549,102,7,1
marcinsieciechowicz,2549,521,391,142
NewMechanix,2549,295,243,51
ZoranTancev,2549,2643,1698,224
ivanuraev,2549,1339,1242,146
guilty93,2549,5256,4052,501
FactorSNFS,2549,1957,1757,235
gmjoey1,2549,27564,19534,2834
chessdude,2549,305,196,101
nbsoft,2548,415,229,88
ohusbands,2548,4188,4178,600
niwaniwa,2548,78,56,5
IM_Kolobok,2565,28,54,7
Undisputed92,2548,25,19,4
twofoxniel,2548,1029,905,147
Deadpool_98,2548,166,139,27
paulmacklin,2548,1252,977,169
NAVAK2009,2548,2437,2614,341
letthebodydothework,2548,357,315,50
MatteurFOU,2548,4667,5675,896
corpseflower3,2548,32,9,2
GEKKESPONS,2548,1189,808,285
Plitt,2548,1353,1502,178
JustKid,2548,1984,1723,260
SenorNadie,2547,36,21,1
Proffesoras,2547,262,233,50
Firegrizzly,2547,145,115,39
Som2310,2547,3,2,1
NaukenSoGranner,2547,718,520,74
hirnloserverlierer,2547,29,33,6
DoHoChess,2547,1354,1166,262
smkhnaik,2547,689,430,40
BlackKnight1998,2547,784,501,167
Libapek,2547,96,30,10
rkurayan,2547,81,18,4
filpo413,2547,189,115,5
BlueSmurfsAreBlue,2547,728,490,75
VanishingDragon,2546,9331,7939,1757
Eraschenkov,2546,413,244,63
Crazy_girl99,2546,174,106,29
Lyonn_king,2546,830,595,71
Maestro1986,2546,251,141,30
mirciulica14,2546,516,269,63
ChessShop,2546,7743,8607,2215
FMVolodymyrSakun,2546,352,231,49
Usurpov,2546,319,187,47
grunge_rock,2546,470,358,80
failplayer,2546,1243,1249,241
GDLKSKC,2546,517,559,104
Edgar_Karagyozyan,2546,12394,14960,2934
Antham,2546,3613,2397,422
brzezik,2545,270,172,35
BobMarloni,2545,117,103,4
Yeppyeni,2545,535,492,76
MangoSherbet,2545,162,139,24
Tomskchess,2545,43,9,5
IM_Golichenko,2545,545,420,68
shnitez,2545,1081,449,99
ENEASZ,2545,300,179,34
karthikrajaa,2545,351,204,46
Nefedov_Sergey,2545,473,307,75
dabbang111,2545,857,781,93
iaraldinho,2545,420,354,95
qqwow,2545,348,257,47
SpartacusDM,2545,13823,11723,2241
CurrySpecialist,2544,178,188,40
volcanoexplorer,2544,882,778,117
soolking67,2544,141,43,8
Babafingo_321,2544,1181,1370,223
John_Keynes,2544,3752,2730,511
Saymone,2544,200,134,44
1999x,2544,326,251,54
rovertje,2544,485,335,48
Chess_amin,2543,102,25,10
Two_Towers_Krakow,2543,184,159,30
billionshadesoflife,2543,93,95,10
darkoivankovic1970,2543,269,217,20
adriangschnitzer,2543,334,179,36
rs69,2543,235,99,29
Hasangatin,2543,433,361,90
NateSolon,2543,1411,887,81
DraskovicL,2543,407,260,80
Yashasd1995,2543,1450,1451,245
RiTr,2543,375,271,53
MaevskiyNikolay,2543,877,694,167
klimtkiller1,2543,9277,8785,1169
David_Klein,2542,764,492,128
JusticeIsMIne,2542,5219,4641,402
manikoloz,2542,472,354,78
alemhoops68,2542,34,10,2
Meri-Arabidze,2542,374,274,79
CompleteBelief,2542,18,2,0
JMB2010,2542,582,210,48
jozkoprokes,2542,4368,4966,436
Stormeman100100,2542,886,652,178
andyjames98wlb,2542,1347,1360,197
olderson,2542,977,1001,210
Arman1381,2542,631,451,99
Al_Shima,2542,2977,2916,531
2001patryk,2542,465,316,75
Enakievo,2542,683,445,127
misha_melnichuk,2542,802,742,251
albi1999,2542,2748,2261,476
bega4488,2541,80,31,9
Shenron-Z,2541,1014,1229,138
sissslumar,2541,19,0,0
polokolko,2541,112,85,34
AminMolaei,2541,1160,1198,249
Bluebird_Express,2541,117,108,18
HawleA,2541,585,445,78
talman67,2541,393,306,50
leoajedrez92,2541,667,581,98
raydonovan77,2541,250,178,35
VT_Visca,2541,212,75,11
kumaranbalaji98,2541,1329,922,181
move_999,2540,237,205,39
sanyes123,2540,133,70,21
PiliposyanRChess,2540,1517,1234,297
Quepaseelquesigue,2540,14,3,1
Dimas-Dimas,2540,554,516,106
Zugzwang_TV,2540,307,227,48
JoNAs_88,2540,1361,1009,162
theblitzchamp,2540,278,240,26
Bryushinin,2540,737,660,121
DarylDixon7,2540,862,643,113
DJ_Haubi,2540,897,371,153
fenasi_kerim57,2539,62,13,5
Popcornpuffer,2539,152,45,16
Ursusarctos66,2539,185,96,30
Irvikkass,2539,1159,891,112
KevinWang97,2539,31,14,4
DrConfetti,2539,2841,2514,356
GjakanTati,2539,1155,1419,260
Forest_of_Magic,2539,2842,2350,338
Nursultan1990,2539,4312,4948,858
nonscitis,2539,3025,3501,1014
NechepurenkoRV,2539,773,517,126
GrigoriyM2001,2539,1252,1051,182
FahadRahman,2539,1683,1882,298
Gomatte,2539,1580,1141,166
Denmark2015,2539,7974,6167,1128
strategy2003,2538,41,29,10
AlmiraS,2538,8,14,1
Saidov95,2538,654,530,76
Krasno555,2538,272,214,47
AljoschaFeuerstack,2538,175,97,18
akindemas,2538,602,435,69
maelru,2538,748,395,61
borntowin200627,2537,21,2,0
calmchessplayer1,2537,378,410,83
Andrei_Belozerov,2537,239,81,19
Karsek,2537,500,318,79
dapsay,2537,3947,3232,376
Massaget001,2537,2127,2008,274
hellokostya,2537,1427,1388,237
kasatkachess77,2537,2894,2248,525
lychess666,2537,245,129,29
trollmoln,2577,182,110,14
FGHSMN,2537,1875,1295,183
pikachu386,2536,67,33,16
Dawn537,2536,57,3,3
W9SA12OP8CHF17,2536,686,703,89
petting_cute_kitten,2536,103,5,4
Carnivoras,2536,36,42,12
strongman345,2536,913,836,131
switlave,2536,549,339,56
flamaster7,2536,271,294,72
vagpat,2536,337,222,41
SZapataCharles,2536,57,63,12
RiskyDecision,2536,91,63,26
Sinsikery,2536,114,73,11
Tochilini,2536,327,213,58
Ginzburg_Yakov,2536,1248,1126,193
FCLitras,2536,856,588,153
MaestroASK,2536,75,61,14
omidnoroozi21,2536,584,558,72
Ghost-Brigade,2536,2740,2361,357
Thomas_Fiebig,2536,2948,2537,789
GilMil,2536,2267,1561,334
Haykos,2536,485,275,63
kapinovo,2535,6384,4742,885
muncettin,2535,1867,1178,169
pmlmail,2535,2072,2165,526
Chessialist,2535,206,138,47
vicoy25,2535,4304,3593,794
orichess88,2535,320,212,35
ERG62,2535,1079,857,205
Sprut79,2535,199,119,18
RapidDefeat,2535,178,115,30
WorldChessMentor,2534,318,348,57
AThiefsEnd,2534,113,21,5
valdesuti,2534,1384,1533,359
Makhmutov_Rail,2534,63,35,5
Muguet7,2534,1295,1437,268
Princec7,2534,180,101,31
MandarinenMann,2534,200,105,25
tigurones,2534,326,186,28
Donseng,2534,1193,1280,208
elv_chess,2534,23,5,1
andrej0906,2534,1405,1020,216
cyborg86,2534,170,6,5
12514henry0807,2534,1336,802,96
GinoTheStud12,2534,582,378,69
kaidanov,2534,5,1,1
AttilaTurzo,2534,2337,872,196
Maestro-Fermin,2533,266,188,34
MikePerelshteyn,2533,156,92,35
Chessbrah_Russia,2533,41,26,5
NNepenthes,2533,83,27,12
srijitpaul,2533,952,598,71
Shuvalov,2533,674,489,98
nikitakhoroshev,2533,996,951,204
cholzan,2533,260,214,40
stuwdrey,2533,1181,935,269
Miki8011,2532,310,289,105
EhlyM,2532,52,8,10
Monero1993,2532,488,449,83
LePlusMortel,2532,192,66,23
adarrey,2532,66,55,10
Victory-forever,2532,399,335,53
Tramontanaaa,2532,115,67,19
NZT72,2532,381,183,72
vladimirminko,2532,147,165,19
tony15051987,2532,1944,1739,238
mw86,2532,587,832,123
almostright,2532,6288,5081,683
Vice64,2532,439,439,100
housdav,2532,3427,2573,401
IMJonathanCarlstedt,2532,80,40,12
Mostii,2531,1453,1061,277
ChessMatrix85,2531,381,289,80
GTM598,2531,147,49,17
HelIBoy,2531,284,241,38
hilary44,2531,624,490,76
chessiahxyz,2531,515,273,36
just_a_prank,2531,1253,855,167
Borsuk_Konstantin,2531,189,138,29
NMJeevanK,2531,285,242,36
zolidernas,2531,840,634,83
thinkdifferent,2530,1064,753,116
jposthuma,2530,1370,814,170
Best_Forever19,2530,67,22,18
Mr_Sinigami,2530,1164,1168,260
andreystukopin,2530,68,49,6
nouma78,2530,41,22,7
kolver,2530,403,251,63
JesseKraai,2530,166,71,17
zizzy75,2529,342,189,18
championbank,2529,435,440,70
LastHeroJr,2529,551,511,58
skavpl,2529,1090,965,167
tiauson1122,2529,140,67,15
Rurep26,2529,435,278,66
FatUpss,2529,267,153,28
Yanidze,2529,1048,1007,170
IMAghasiyevKamal,2529,2518,2336,384
Mekanin_Sahibi,2528,46,11,5
chesschvmp,2528,142,72,21
chicagocoyotes,2528,80,31,3
TheMenaceChallenger,2528,185,93,4
yoolund,2528,2641,1845,466
johnsmithhh,2528,16,2,0
M1711,2528,191,125,30
Slmctk,2528,126,33,9
TomasKapitanchuk,2528,1543,1154,202
unagi64,2528,806,642,184
angeloyoung,2528,111,56,4
harrisonchess21,2528,610,472,117
smurfo,2528,4158,1633,643
joeb0b,2527,1009,1129,207
Duckschess2700,2527,77,36,9
doyoufeelit,2527,2483,2588,470
GMMichaelSM,2527,488,290,94
N1k1taM,2527,258,194,45
terrortoast,2527,212,141,29
mateusz1231,2527,906,790,107
wonderful-world,2527,795,922,217
TricksOnly,2527,137,87,15
Sigurbjorn,2527,12478,9722,2176
Psihekb777,2526,153,70,23
flexova,2526,22,30,3
magnus_1999,2526,205,114,28
Gemini-13,2526,361,386,117
velemajstor767276,2526,2872,2865,261
tokhich_67,2526,506,449,71
K-Nygren,2526,505,496,75
LOVAC58,2526,2149,1657,166
JMatias,2526,8503,8770,864
oezs95,2526,1255,1114,135
Ramtin-Tavosi-Rad,2526,93,40,7
kenta1234,2526,819,443,80
TheCalmed,2525,770,822,150
Aram_1992,2525,113,71,17
piinuma,2525,1650,1107,131
TIN30,2525,338,271,43
SF-96,2525,383,328,68
Litti,2525,1563,1683,233
for_1_za,2525,64,28,3
Nbk90,2525,361,278,52
vladjianu,2525,622,194,73
Mischuk_D,2525,5901,5683,1134
Nordmolch,2525,5409,4227,446
kayrakamer,2525,489,442,71
Dragon_Fangs,2524,165,39,16
Danube18,2524,344,353,31
N333UM,2524,193,58,14
jkaRUSSIA,2524,432,318,48
Gurvik,2524,410,275,41
MEsserman,2524,2893,1568,278
Lee_Yeon_Sung,2524,3331,2558,345
ZhaoZhouqiao,2524,297,187,29
ExploringChess,2523,50,61,18
Roman_Davymuka,2523,635,614,149
FMRogue,2523,189,117,27
kinstin93,2523,179,76,17
karpoblanca_300,2523,654,576,127
HardyOpening,2523,258,79,15
tankbox69,2523,487,455,70
ChuckNorrisBrankov,2523,2586,2014,559
Phuzer,2523,609,459,118
Zq1,2523,1314,922,196
HonzaRubes95,2523,372,292,43
EmreDedebas,2523,280,198,43
UtopianXenocide,2523,182,104,16
EugKoz,2523,478,367,79
thedjoker98,2523,699,410,161
GMOratovsky,2523,292,208,35
menor31,2523,639,626,73
Artemij,2523,598,418,78
moderJason,2522,232,95,23
Swoop174,2522,271,56,7
SS003,2522,267,157,37
Whytra,2522,673,596,98
Kargan90,2522,125,112,13
jflup,2522,564,293,59
InsaneTraining,2522,1039,1155,230
Antidrome,2522,673,521,130
LBUHITO,2522,1370,1056,176
Mops_2004,2522,3181,3296,583
owlblue,2522,234,127,24
bvignesh,2522,744,500,144
sidamonidzeA,2522,36,18,1
GilliganslastStand,2522,1807,1403,198
RajaPanjwani,2522,156,144,19
Great_Patzer,2522,434,258,24
LazovT,2522,2224,1622,344
lhavas,2522,6146,5724,940
AxelB99,2522,2305,2040,392
65430,2521,217,130,15
MagicianInForest,2521,142,119,17
parmupill123,2521,776,682,137
veyita666,2521,472,336,51
matanzas1967,2521,759,493,53
Volovikov_Anton,2521,329,176,23
ruslansezdbekov,2521,160,130,19
Boyechko_O,2521,712,549,121
MATHIAS_THAL,2521,71,48,7
sir-orrin,2521,169,53,18
evgenyermolaev,2521,626,391,61
Arifars17,2521,1035,820,134
FancyPlaySyndrome,2521,4062,3121,334
FilipCukrowski,2521,1001,954,203
Qwerop,2521,501,466,67
RP1999,2520,4111,3348,257
dedyka,2520,115,45,10
Avenger_82,2520,47,37,8
Hydrozoa5,2520,68,27,10
Oleg42YNWA,2520,287,130,19
Ilia_Jude,2520,28,2,1
playslike2200,2520,122,70,14
evg89,2520,151,120,27
LNK_2019,2520,2944,3192,245
elito25,2520,470,298,42
Kornelone99,2520,2717,1974,484
kichot,2520,2693,2030,509
umang_kaisary,2520,234,179,29
chuddog,2520,3091,3674,643
Predatoru,2520,168,90,12
fu24,2520,3955,3340,580
DrDreBeats,2519,528,392,54
blitzfan,2519,5526,3855,690
jtfo,2519,266,209,43
nikosgal,2519,28,11,2
MKsakkiskola1,2519,389,128,104
Alex_Terzi,2519,1773,1577,299
Alexander_Fokin,2519,13,3,0
lilleper1,2519,297,240,41
vogelj,2519,3526,3329,575
martinmartinez95,2519,801,577,97
AfuroZamurai,2519,34,11,4
ervanovic,2519,226,119,17
bobbystruk,2519,2664,2599,365
KD64,2518,11496,8855,2452
Harry_styles987,2518,98,78,12
GMPasig,2518,18,2,1
skoularikii,2518,799,608,80
slowdumbb,2518,15,12,4
dmosesov,2518,1202,844,167
imrk_64,2518,97,66,17
JulijanPlenca,2518,128,103,28
Kislov_Oleg,2518,903,546,184
AUSSIE_PINOY,2518,6147,4740,651
AttackSparrow,2518,262,121,26
Awesomestudents,2517,434,433,65
Zont,2517,1681,1494,203
bigsnoozer,2517,69,39,6
Infinidad,2517,326,331,54
JabamiYumeco,2517,314,315,45
MYTHIQUE2019,2517,368,469,57
Sashadav97,2517,461,410,105
pathoma,2517,52,37,5
enestnrvrd,2517,392,264,47
francogreek,2517,1017,860,106
mapv83,2517,374,241,86
ChesscoachAndras,2517,1602,1468,162
TickTricknTrack,2517,1100,807,143
chesstrainer2042,2517,88,44,13
Lakofdawalapment,2517,380,180,94
wanvis,2517,1894,1949,246
MPGM,2517,1881,1366,214
GulamaliRises,2516,1796,1881,236
BM223344,2516,227,131,30
needmoreflow,2516,156,149,19
Patzerovitch,2516,392,267,69
MomchilPetkov2005,2516,3915,4419,640
GG91,2516,141,89,17
mexicanjulian,2516,302,184,54
Hulk711,2516,358,291,53
CuzImBetter,2516,3111,3181,376
lioni26,2516,1253,915,159
timofey2363,2516,222,129,63
nOcHeaTiNgKiD,2516,375,291,78
LadheezWousharounm,2516,117,73,11
Schadenfreude5,2516,359,164,21
Tyoma88888,2515,1642,1434,235
DiagDominion,2515,19,0,0
Bikuzhin_Maxim,2515,51,15,5
gmkomarov,2515,17,2,0
IvanRadivojevic,2515,91,62,16
MarlonMortel,2515,262,127,24
superstructure,2515,139,71,18
Manukyan_Artak,2515,4992,5219,1141
Caracternin123,2515,847,831,162
Aakash-Dalvi7,2515,1210,1237,160
G_Threepwood,2515,97,61,7
Zyxon,2515,1014,670,166
proudpanda,2515,98,53,15
Selenus1,2515,873,803,188
Shytn,2515,7,5,3
MuradNuri,2515,994,788,90
Minhquang05,2515,950,702,112
pisher,2515,12214,7511,1207
Vojtastr,2515,270,163,39
Assassin_in_White,2515,1275,1189,109
Cryptochess,2514,1568,947,284
Knight1ife,2514,156,45,13
TaleOfYore,2514,513,305,83
yashar_movahedi,2514,164,136,37
Bealdindeka,2514,25,9,1
Etselop,2514,321,283,41
hikaruchija,2514,500,452,53
Error228,2514,629,666,101
fm24601,2514,2,3,0
JulianProleiko,2514,961,729,131
Giorno,2514,136,76,22
LiGuohao2003,2514,302,234,32
disinterred,2514,895,702,86
GM_2007,2514,511,372,61
vladgoncharov,2514,2071,1504,554
Vugar_Manafov,2514,536,376,73
cuukmens,2514,5884,5300,641
StaraZagora,2514,12401,11016,2414
xi-jin-ping,2513,34,6,1
SergioGeorgini,2513,426,302,60
Soze_Keyser,2513,94,71,16
BurgersAreBetter,2513,301,226,39
Penglaozong,2513,1779,1576,235
Davit_Barghutyan,2513,2372,2208,370
twojupiters,2513,216,156,33
freshmind1990,2513,1751,1963,276
PchelkinVK,2513,1415,1475,169
edvardsayadyan,2513,1111,923,146
LornerAcosta,2513,259,143,21
praveenb2002,2513,119,11,7
kosmeg,2513,2036,2126,276
SmallTownHero,2512,491,383,45
bedgasm,2512,477,483,86
MauLo09,2512,2178,1656,219
Rodchenkov_Vitalij,2512,1202,991,208
Vazabanga,2512,195,190,27
luar1609,2512,90,53,7
ChainsOfFantasia,2512,154,136,27
Sameerghotane,2512,265,150,29
Taxeia,2512,293,46,31
rubhani,2512,1684,1540,249
valeriocarnicelli,2512,615,637,109
zeigmata,2512,2855,2340,407
TheRigos,2512,1148,926,117
chickencrossroad,2512,618,450,92
maverick_nyc,2512,1747,1761,378
vovachesss,2512,1015,854,129
Runner,2512,10101,7160,3640
grossm,2512,83,60,8
leocarlos,2512,138,98,16
Etoilegeniale,2511,135,61,30
Amincheraghi9,2511,55,37,9
Caminator2000,2511,1053,598,115
kintoho,2511,9910,8209,1321
Doublesting,2511,538,222,60
Rustchm1,2511,171,69,43
Ajeossi94,2511,179,115,22
gkpv63,2511,11,9,0
Lazershe1,2511,98,18,5
YCAW,2511,108,90,14
BrianEscalante,2511,388,266,81
ilm2034,2511,44,33,5
lrjchess,2511,231,118,23
TheFourthMigo,2511,299,271,33
abramjj,2511,73,66,14
Gerodot95,2511,314,222,46
Lebester,2511,149,120,24
